segment_kind,str,overall_val,start_val,middle_val,end_val,names,gender_ratio
Syllable,ma,64.0,35.0,13.0,16.0,Mala'kili;Mazoga;Hexxer Magoda;Death-Caller Majuli;Speaker Malaka'raz;Frost King Malakk;Magovu;Hex Lord Malacrass;Ma'ri;Makaanji;Makalla;Cooka Mala;Acolyte Mali;Deathspeaker Malo'rek;Arcanital Mara'kah;Trader Masan'ka;Bo'tzun Maset;Matan;Historian Ma'di;Magasha;Magura;Makasgar;Makavu;Makuli;Shadow Hunter Mala;Malo'wa;Shadow Hunter Maloa;Maloduri;Seer Malori;Malux;Marah;Marara;Maru'sa;Marukai;Marajit;Warmother Boatema;Blood Witch Najima;Beastrider Kama;Dadooma;Hekima the Wise;Juma;Kooma;Rooma;T'lama;Yazma;Jakama;Kala'ma;Kaulema the Mover;Priovisioner Rashma;Ray'ma;Zi'guma;Amaka the Crawg Ma'da;Kul'amara;Clever Kumali;Samara;Xumanu the Twisted;Za'mala;First Sergeant Hola'mahi;Hula'mahi;Skinner Jamani;Juwanamana;Lui'Mala;Temanu;Uma'wi,0.31030703
Syllable,a,60.0,34.0,25.0,1.0,Hunter A'kos;Ma'da Akala;Amaka the Crawg Ma'da;Grand Ma'da Ateena;Blood-Hunter Akal;Anaha;Atai'nata;King A'akul;A'danu;A'dru;Jamil Abul'housin;Aka'ali the Conqueror;Windweaver Akil'amon;Priestess Alun'za;Aman de Child;Wavesinger Amon;Weaver Anaasha;Apari;Aronson the Vile;Atulanji;Awakaya;Azala;Lord Azi;Stalker Azibo;Abu'gar;Ahaxxa;Akanja;Alascene;Ameenah;Ana'thek the Curel;Arin'sor;Amira Blazeweaver;Ana Bloodteeth;Ajamon Ghostcaller;Happy Holaua;Corpse Monger Jal'aka;Elder Leaxa;Root-Hexxer Ib'aka;Drak'aguul;Kul'amara;King A'akul;Aka'ali the Conqueror;Windweaver Akil'amon;Jin'alun;Jin'asula;Kaiani;Taiani;Wise Tu'aka;Chef Zab'aji;Zul'aki the Headhunter;Kaz'arin;Ko'ari;Witch Doctor Mau'ari;Mith'aka;Sul'aka;Bloodslayer T'ara;Tak'arili;Zeal'aya;Zen'Aliri;Zul'ajik,0.33530807
Syllable,ka,108.0,30.0,37.0,41.0,Blood Witch Cazex;Beastrider Kama;Katoom the Angler;Katonga;Ka'reez;Ka'ro the Chopper;Ka'urt;Hexmother Kala;Beast Handler Kalatak;Ra'wani Kanae;Wavesinger Kari;Kaza the Skyblade;Kaza'jin the Wavebinder;Kazerin;Dockmaster Kazibo;Kazoa;Ca'nees;Shadow Hunter Kajassa;Kala'ma;Kaluaka;Kana'tin;Kasha;Spiritwalker Kavi'je;Kha'damu;Khajin the Unyielding;Beast Handler Khajuku;Khalan;Kali Remik;Ka'tali Stonetusk;Kalyimah Stormcloud;Amaka the Crawg Ma'da;Chaka the Infused;Corpse Monger Jal'aka;Warmother Molaka;Root-Hexxer Ib'aka;Warmother Shaz'raka;Theka the Martyr;Tracker Vu'ka;Draska;Necrohexxer Raz'ka;Raka Goldtusk;Atal'zul Gotaka;Hex Priest Haraka;Loa Speaker Jen'ka;Maaka;Trader Masan'ka;Maz'taka;Stalker Mojica;Rhan'ka;Siegebreaker Roka;Wise Tu'aka;Beastmaster Veayeka;Huntsmaster Vol'ka;Zur'chaka the Bonecrafter;Dennika;Sirka Duskfisher;Gambarinka;Hajukka;Kaluaka;Lu'ka de Wall;Mith'aka;Raskha;Ravika;Rin'zaka the Galefist;Sul'aka;Sulaka;Tari'qa;Uruka the Cutthroat;Vol'dreka;Zen'tika;Zen'Vorka;Ma'da Akala;Blood Witch Pakkala;Warmother Rakkali;Ma'da Ren'kala;Speaker Malaka'raz;Soothsayer Shi'kala;Daakara;Aka'ali the Conqueror;Awakaya;Ba'kari;Witch Doctor Hukari;Beastlord L'kala;Nalakana;Natal'hakata;Nokali the Scarred;Nokano;Nurkala;Rez'caza;Zukashi;Haka'wani;Hekazi;Ja'kala;Ja'kana;Jakala the Cruel;Jakama;Vyse Jin'kala;Kil'karil;Kontokanis;Makavu;Nekali;Norkani;Pikake;Rakkaha;Veka'kai;Elder Yaka'li;Zen'kala;Zim'kaga,0.4079666
Syllable,ja,76.0,26.0,18.0,32.0,"Paku'ai Janessa;Chronicler Jabari;Beastmother Jabati;Prelate Jakit;Witch Doctor Jala;War-God Jalak;Jamingo;Janena;Paku'ai Jasi;Steelweaver Javee;Ja'kala;Ja'kana;Mojo Mender Ja'nah;Ja'ron;Ja'zaron;Ja'zoona;Jabul;Wind Rinder Jahubo;Jakala the Cruel;Jakama;Hexweaver Jakunda;Captain Jalazko;Jamai;Skinner Jamani;Seer Janidi;Jasa;Mi'ja;Blind Wunja;High Priestess Zenja;Grave-Caller Muja;Nija Torntusk;Wingminder Goja;Holaja Da Drunk;Janraja;Jorja;Huntmaster Kil'ja;Provisioner Lija;Moaja;Ravasur Master Sen'ja;Shakaeja;Ted'ja;Servant Vonja;Priestess Vulja;Ziaeja;Zinja Ujomei;Akanja;Bo'ja;Shadow Hunter Bwu'ja;Windseeker Durja;Mokuja;Shon'ja;Deck Captain Sinja;Tuneja;Sharpeye Yan'ja;Yuwija;Zamja;Zin'boja;Zun'ja;Pa'kura Kash'jani;Witch Doctor Kejabu;Meijani;Mugjabu;Beast Handler Sujani;Zia ""Sortcuts"" Ujani;Unjari Feltongue;Apprentice Mijala Firehex;Ajamon Ghostcaller;Spiritbinder Jumjabu;Kijara;Neejala;Sajari Felhand;Shoja'my;Ta'jari;Taz'jari;Ven'jashi;Zurjaya",0.20076099
Syllable,ra,91.0,25.0,31.0,35.0,God-Hulk Ramuk;Raka Goldtusk;Arcanital Ra'kul;Ra'sha;Ra'wiri;Rafae;King Rahu'ai;Rajin;Rakera;Rana the Cutta;Rani;High Prelate Rata;Rawajo;Razaji;Razambi the Drunk;Shadowblade Razi;Tasha;Ra'chee;Gyasi Ra'lar;Rada'jin;Shadow Hunter Rala;Ravika;Razal'blade;Ra'waza Stonerus;Rasha Stonetusk;Speaker Obara;Blood Witch Vashera;Zathra;Yara;Daakara;Jehnira;Kul'amara;Loa Speaker Chel'ra;Gheera;Prelate Kaj'ra;Loa-Speaker Kihara;High Priestess Kilnara;Nazara;Rakera;Samara;Lookout Ungalra;Atal'Akunda Ver'sara;Zajera the Huntress;Zulathra;Baj'ura;Amira Blazeweaver;Witch Doctor Daara;Elfyra;Fazerra;Garra;Jin'sora;Kijara;Magura;Marara;Nortera;Sortura;Bloodslayer T'ara;Vanira;X'yera;Zen'tabra;Warmother Shaz'raka;General Jakra'zet;Hydromancer Kulratha;Hydromancer Velratha;Bonechillder Barafu;Moorabi;Kazra'jin;Kul'razahn;Gara'jal the Spiritbinder;Witch Doctor Habra'du;Hex Priest Haraka;Beastmaster Horaki;Jabra'kan the Poacher;Janraja;Bladeguard Jorana;Arcanital Mara'kah;Nakk'rakas;Paku'ai Verraki;Gora'tin;Hira'jin;Priestess Hu'rala;Krah'ranik;Marara;Marajit;Moraya;Parata;Soratha;Ton'raro;Tora'jin;Zirazi the Star-Gazer;Mojo Mistress Zurania,0.3210644
Syllable,za,60.0,24.0,17.0,19.0,Zaroza the Fleshcarver;Prelate Za'lan;Za'mala;Za'roco the Grifter;Zabanji;Zabar;Captain Zadari;Loa Speaker Zako;Dinomancer Zakuru;Zalanti;Zaluto;Zaluzibo;Zanazal the Wise;Zarah;Trader Zatanji;Shapemaster Za'lani;Zaduru;Jory Zaga;Bloodslayer Zala;Zalazane;Elementalist Zapi;Zari'zari;Zariya;Zayus;Zaroza the Fleshcarver;Priestess Alun'za;Quartermaster Garza;Kaza the Skyblade;Rez'caza;Lookout Sezza;Vanoza;Crazy Vaza;Ginza Darktusk;Jin'diza;Kimbiza;Headhunter Leeza;Mil'janza;Ortezza;Raiza;Ra'waza Stonerus;Talza;Ya'za the Vandal;Zorza;Azala;B'wizati;Bustroll Gozzako;Hanzabu;Kaza'jin the Wavebinder;Chronicler Kizani;Nazara;Razaji;Ja'zaron;Huntress Kuzari;Rin'zaka the Galefist;Tizare;Vol'zaku;Vuza'jin;Zalazane;Zan'zata;Zari'zari,0.413365
Syllable,zen,24.0,24.0,0.0,0.0,"High Priestess Zenja;Captain Zen'taga;Zenbaro;Zenda;Taskmaster Zendu;Zenjibo;""Black Eye"" Zenru;Witch Doctor Zentimo;Zen'Aliri;Zen'Balai;Zen'kala;Zen'Kiki;Zen'kili;Zen'tabra;Zen'kin;Zen'Taji;Zen'taki;Zen'tenbi;Zen'tika;Zen'tiki;Zen'Vorka;Zendo'jian;Zengu;Zenzi",0.5068052
Syllable,u,24.0,21.0,3.0,0.0,"Chief Ukorz Sandscalp;Hexxer Ubungo;Zia ""Sortcuts"" Ujani;Windcaller Ula'jan;Uluami;Arcweaver Uzan;Uzo Deathcaller;Ubunti the Shade;Uchek;Marksman Udabu;Uduji;Priestress Udum'bra;Ujia;Shadow Hunter Ukambe;Ula'elek;Uma'wi;Champion Uru'zin;Uruka the Cutthroat;Utamu;Uthel'nay;Witch Doctor Uzer'i;Scalper Ahunae;Baj'ura;Watcher Du'una",0.5068052
Syllable,ta,71.0,21.0,23.0,27.0,Tavikko;Ta'mil Nadu;Talak;Talanji;Silent Tali;Captain Talisa;Talutu;Tanubu;Tayo;Tayusha;Captive Ta'dom;Ta'jari;Flame Bender Ta'jin;Lieutenant Ta'zinni;Ta'zo;Tamanji;Ritualist Tarak;Tari'qa;Tatai;Tayemba;Tazan;Warmother Gogatha;Jun'ta;Hydromancer Kulratha;Great Mota;Hydromancer Velratha;Atai'nata;Jintha;Loa Speaker Sij'ta;Stalker Gilta;Hun'ta;Happy Jolta;Meiwatha;Natal'hakata;Paku'ai Noshata;High Prelate Rata;Paku'ai Rip'nata;Paku'ai Rokota;Ki'ta Arrowtusk;Drifta;K'huta;Loa Priestess Izita;Parata;Soratha;Zaelatha;Zan'zata;Shadow Hunter Zasta;Zunta;Healer Drak'tari;Morta'gya the Keeper;Al'tabim the All-Seeing;Chronicler Ash'tari;Atal'zul Gotaka;Loa Speaker Kur'taji;Beastcaller Mat'talor;Maz'taka;Nepatalo;King Rastakhan;Captain Zen'taga;Barder Zitaki;Fa'tafi;Gurthani the Elder;Jin'tago;Portalkeeper Jin'tashal;Jin'thala;Ka'tali Stonetusk;Tai'tasi;Utamu;Lieutenant Vol'talar;Zen'Taji;Zen'taki,0.4717228
Syllable,zu,33.0,20.0,9.0,4.0,Blood Priestess Zu'Anji;Wardrummer Zurula;Zumonga;Zujai;Zukashi;Zulathra;Zuna;Zunashi the Exile;Zununu the Undefeated;Zuteebe;Witchdoctor Zuwei;Zubaji Brokenspear;Archivist Zubashi;Zulu de Voice;Zumolo;Zuni;Zurai;Mojo Mistress Zurania;Zuriwa the Hexxer;Shadow-Walker Zuru;Lozu;Bakkalzu;Tuskmender Jan'zu;Zeezu;Ren'Zuli;The Matron Shaazula;Gan'zulah;Hai'zujin;Mom'zula;Tanzuri;Shadowbreaker Urzula;Wazzuli Wildmender;Zinzula,0.3958042
Syllable,mo,24.0,17.0,3.0,4.0,Warmother Molaka;Great Mota;Otho Mojiko;Mojambo;Stalker Mojica;Mojoba;Navigator Moye;Mozesha;Mooncaller Mozo'kas;Mo'jimba;Mojo'kai;Mojodishu;Mokuja;Morakki;Morango;Moraya;Moxo the Beheader;Ximo the Callous;Witch Doctor Zentimo;Yazmo the Loota;Zi'mo the Empowered;Voodoo Priest Golomojo;Vol'motu;Zumolo,0.55219513
Syllable,jin,64.0,17.0,3.0,44.0,Jin'Zallah the Sandbringer;jin'zakk;Jintha;Jin'alun;Jin'rokh;Jin'Tiki;Jin'diza;Jin'do the Hexxer;Provisioner Jin'hake;Vyse Jin'kala;Jin'sora;Jin'tago;Portalkeeper Jin'tashal;Jin'thala;Witch Doctor Jin'Zil;Overseer Jintak;Jin'lak Nightfang;Vol'jin;Han'jin;Heb'jin;Kazra'jin;Krag'jin;Witch Doctor Mai'jin;Moz'jin;Ral'jin;Warlord Thresh'jin;Captain Bajin;Basher Hak'anjin;Kaza'jin the Wavebinder;Kunojin;Pin'jin the Patient;Rajin;Sezah'jin;Deathspeaker Sho'jin;Taz'jin;Zauljin;Hoodoo Master Fu'jin;Hai'zujin;Hira'jin;Senior Sergeant Kai'jin;Khajin the Unyielding;Mak'jin;Frostcaller Nai'jin;Hex Doctor No'jin;Rada'jin;Rak'jin;Sen'jin;Flame Bender Ta'jin;Tai'jin;Tal'jin;Tanjin the Ironshaper;Tora'jin;Shadow Hunter Ty'jin;Watcher Umjin;Shadow Hunter Urko'jin;Vol'jin;Vulajin;Conqueror Vun'jin;Vuza'jin;Zarjhin;Beasttamer Zov'jin;Ojin'ba;Dinomancer Dajingo;Jojindi,0.6302597
Syllable,vol,16.0,16.0,0.0,0.0,Vol'jin;Siegebreaker Vol'gar;Vol'jamba;Huntsmaster Vol'ka;Vol'kaal;Doomsayer Volkini;Vol'guk;Vol'jin;Vol'motu;Lieutenant Vol'talar;General Vol'tar;Shadow Hunter Vol'tris;Vol'zaku;Vol'dreka;Voll;High Warlord Volrath,0.81188524
Syllable,o,17.0,15.0,1.0,1.0,Speaker Obara;Warmother Ogli;Onu'zun;Ojin'ba;Spearcrafter Otembe;O'livia;Ofer the Silkmender;Ogopo;Witch Doctor Oinga;Otoye;Ogom the Wretched;Great Hexer Ohodo;Ohseso;Mojo Shaper Ojo'mon;Orik'ando;Dinomancer Kish'o;Captain Rez'okun,0.46831048
Syllable,ku,30.0,15.0,7.0,8.0,Deathwhisperer Kulu;Kutube'sa;Witch Doctor Khufu;Ku'lai the Skyclaw;Kula the Butcher;Clever Kumali;Kunojin;Ku'ash;Night-Stalker Ku'nanji;Earthrender Ku'siva;Ku'tiri the Claw;Headhunter Kuce'ba;Kuray'bin;Huntress Kuzari;Witch Doctor Qu'in;Siegebreaker Druku;Lookout Ronaku;No'ku Stormsayer;Kanyaku;Beast Handler Khajuku;Raj'ku;Vol'zaku;Yenniku;Overlord Drakuru;Dinomancer Zakuru;Iku'tak;Makuli;Mokuja;Nuku'te;Venomancer T'Kulu,0.5899345
Syllable,jo,30.0,14.0,4.0,12.0,"Headhunter Jo;Jo'chunga;Jo'gus;Darkspeaker Jo'la;Jo'nok, Bulwark of Torcali;Jo'shi;Jorak;Bladeguard Jorana;Jorii;Jo'bu;Jo'mah;Jojindi;Joro'man;Scout Jyoba;Wardrummer Saljo;Tak'lejo;Bree'jo;""Bad Mojo"" Hojo;Mixin' Mojo Kojo;Rawajo;Tesinjo;Xanjo;Warmaster Bo'jo;Voodoo Priest Golomojo;Vexmaster Nar'jo;Zunjo of Sen'jin;Mojoba;Mojo'kai;Mojodishu;Mojo Shaper Ojo'mon",0.80030453
Syllable,sa,30.0,14.0,7.0,9.0,Sa'rii;Sa'tiib;Conqueror Salu;Samara;Sameh;Saree;Guard Satao;Sa'vi;Wind Rider Sabamba;Sagai;Sajari Felhand;Samamba;Sani'i;Sawemba;Kutube'sa;Paku'ai Janessa;Captain Talisa;Win'sa;Crysa;Jasa;Shadow Hunter Kajassa;Maru'sa;Won'sa;Ansari;Tall Hasani;T'sarah the Royal Chef;Tusajia;Atal'Akunda Ver'sara;Argent Quartermaster Hasana;Eartmender Norsala,0.20901035
Syllable,ha,24.0,14.0,6.0,4.0,Infiltrator Hameya;Lady Ha'ti;Ha'wana;Habutu;Weaponmaster Halu;Captain Halu'kal;Hex Priest Haraka;Tall Hasani;Hajukka;Haka'wani;Hana'zua;Hanashi;Hane'ke;Argent Quartermaster Hasana;Anaha;Icemistress Gal'ha;Rakkaha;Teha;Dohaman the Beast Lord;Loa-Speaker Kihara;Natal'hakata;Provisioner Jin'hake;Lah'Mawhani;Zay'hana,0.5068052
Syllable,zan,22.0,13.0,0.0,9.0,Zan'ji;Servant Zancha;Zandelvari;Zhan;Zan'chi;Zan'do;Zan'non;Zan'zata;Zando'zan;Mojo Master Zandum;Berserker Zanga;Zansoa;Zanzil;Wavesinger De'zan;Captain Nir'zan;Arcweaver Uzan;Hai'zan;Ko'Zan;Miao'zan;Tazan;Ulzann;Zando'zan,0.7961208
Syllable,to,21.0,11.0,5.0,5.0,Loa Speaker Tobui;Torundo the Grizzled;Chronicler To'kini;Witch Doctah Toko;Tonai;Toranko;Forward Commander To'arch;Wind Master To'bor;Tora'jin;Torenda;Earthcaller Torunscar;Razjuto;Zaluto;Diviner Taz'to;Old Umbehto;Xen'to;Otoye;Kin'toga Beastbane;Kontokanis;Shadow Hunter Laztoki;Zul'tore,0.66363776
Syllable,ju,24.0,11.0,3.0,10.0,Ju'mak;Ju'ri;Ju'tan;Juma;Jumash;Junanji;Shadow Hunter Ju'loa;Historian Ju'pa;Warlord Jugan;Juvess the Duskwhisperer;Juwanamana;Lilaju;Qeeju;Scout Jumju;Jumju;Sejiju;Vunanju;Xenxuju;Doomsayer Din'ju;Gahju;Huju;Death-Caller Majuli;Razjuto;Beast Handler Khajuku,0.7008603
Syllable,na,67.0,10.0,23.0,34.0,"Blood Witch Najima;Hexxer Nana'kwug;Loa Speaker Nanea;Nalakana;Wavesinger Nalu;Natal'hakata;Nazara;Nakansi;Shadow Hunter Narez;Natoj;Grand Ma'da Ateena;Bloodwitch Ysinna;Dunecaster Mu'na;Balina;Vessel Iluna;Janena;Bladeguard Jorana;Kejina;Nalakana;Pakina;Rana the Cutta;Rina the Traveler;Swolina;Zunaga Wana;Yamuna;""Tuskbreaker"" Yana;Zena the Feeder;Zuna;Cona;Watcher Du'una;Headhunter Gal'wana;Gombana;High Priestess Hai'watna;Argent Quartermaster Hasana;Blood Guard Hini'wana;Ja'kana;Ja'zoona;Jena;Juwanamana;Kil'Hiwana;Nisstina;Bloodslayer Vaena;Vehena;Zay'hana;Hexxer Nana'kwug;Anaha;Atai'nata;High Priestess Kilnara;Loanati;Paku'ai Rip'nata;Lookout Ronaku;Beast Handler Sonaba;Vanashi;Vinaya;Zanazal the Wise;Zunashi the Exile;Ana'thek the Curel;Ana Bloodteeth;Canaga Earthcaller;Framnali;Hana'zua;Hanashi;Juwanamana;Kana'tin;Night-Stalker Ku'nanji;Lina'gar;Tunari",0.20783608
Syllable,te,16.0,10.0,3.0,3.0,Theka the Martyr;Meatminder Teki;Stalker Tenoch;Teshunji;Tesinjo;Tezi;High Priest Thekal;Tegashi;Teha;Temanu;Len'te the Bitter;Nuku'te;Zul'iste;Warmother Boatema;Retherokk the Berserker;Nortera,0.5068051
Syllable,ze,12.0,10.0,2.0,0.0,Zerillis;Zuvembi Brewer Zekal;Zena the Feeder;Vessel Zetoa;Zeal'aya;Zebu'tan;Zekhan;Zelaji;Zelazstro;Zeya;Kazerin;Mozesha,0.46328345
Syllable,kil,14.0,9.0,1.0,4.0,Huntmaster Kil'ja;High Priestess Kilnara;Kil'hala;Kil'Hiwana;Kil'karil;Kilweh;Kil'zin of the Bloodscalp;Kil'zin of the Darkspear;Kilram;Stormbringer Draz'kil;Jor'kil the Soulripper;Mai'Kyl;Raz'kil the Icy;Windweaver Akil'amon,0.6933185
Syllable,no,22.0,9.0,5.0,8.0,No'ci the Scribe;Nofal;Nokali the Scarred;Nokano;Nolaki;Paku'ai Noshata;No'ku Stormsayer;Hex Doctor No'jin;Elementalist Novo;Gano;Judno;Chronicler Laz'Kino;Nokano;Beast Handler Tahno;Daz'dono;Deino;Yu'rina the Mystic;Panogo;Kunojin;Vanoza;High Priest Venoxis;Lono'tai,0.56918746
Syllable,ba,43.0,9.0,13.0,21.0,Baga the Frostshield;Bonechillder Barafu;Ba'kari;Captain Bajin;Balina;Ba'kon;Ba'so;Batamsi;Scalper Bazuulu;Xu'ba;Ojin'ba;Chuba;Jemba the Radiant;Julwaba;Maharba;Mojoba;Beast Handler Sonaba;Zuaba Sonja;Vol'jamba;Old Zamba;Bwemba;Scout Jyoba;Headhunter Kuce'ba;Mo'jimba;Shadow Hunter Mutumba;Wind Rider Sabamba;Samamba;Sawemba;Tayemba;Ol' Toomba;Speaker Obara;Chronicler Jabari;Beastmother Jabati;Zenbaro;Zubaji Brokenspear;Gambarinka;Geba'li;Gombana;Provisioner Lambala;Watcher M'barios;Zen'Balai;Warcaller Zin'bawa;Archivist Zubashi,0.4148767
Syllable,se,12.0,9.0,2.0,1.0,Secott the Goldsmith;Sejiju;Enforcer Sekal;Seshi;Seshuli;Sezah'jin;Searn Firewarder;Se'Jib;Sesebi;Beast Handler Tunse;Ohseso;Sesebi,0.55219513
Syllable,da,32.0,8.0,9.0,15.0,Blood-Hunter Dazal'ai;Dadooma;Element-Tamer Dagoda;Dinomancer Dajingo;Enforcer Dakanji;Dazar;Shadow Hunter Da'jul;Helmsman Da'vees;Hexxer Magoda;Gan'dranda;Umboda Three-Heads;Element-Tamer Dagoda;Dregada;Ol' Jonda;Hexpriest Junda;Sharisanda;Zenda;Outfitter Zunda;Bo'danda;Doyo'da;Gronda Feathercrush;Hexweaver Jakunda;Torenda;Gozda'kun;Gal'darash;A'danu;Captain Zadari;Cliffkeeper Bouldani;Indalamar;Kha'damu;Rada'jin;Marksman Udabu,0.5236011
Syllable,taz,8.0,8.0,0.0,0.0,Taz'jin;Taz'la the Vulgar;Taz'kan;Shadow Hunter Taz;Taz'anga;Taz'ishi;Taz'jari;Diviner Taz'to,0.5068051
Syllable,zul,16.0,8.0,1.0,7.0,Zul;Zul'aki the Headhunter;Zul'that Steeltusk;Zul'ajik;Zul'armon;Zul'iste;Zul'ras;Zul'tore;Chronicler Grazzul;Gyran'zul;Bladeguard Hozzul;Prophet Khar'zul;Ranzul Sonja;Lunzul;Var'gazul;Guzul'dar,0.81188524
Syllable,tu,18.0,8.0,7.0,3.0,Wise Tu'aka;Spiritbinder Tu'check;Arcanital Tula'chek;Tusajia;Thu'zun the Vile;Tula;Tunari;Tuneja;Habutu;Talutu;Vol'motu;Antu'sul;Kutube'sa;Atulanji;Raztu'jor;Sortura;Un'Thuwa;Guard Untula,0.55219513
Syllable,ga,45.0,8.0,12.0,25.0,Soul-Speaker Galani;Gawanil;Raptari Galo'wey;Gano;Gara'jal the Spiritbinder;Ghaliri;Farseer Gadra;Master Gadrin;Totem Maker Jash'ga;Mama Junga;Poz'ga the Butcher Queen;Xuxuga;Mazoga;Zumonga;Baga the Frostshield;Katonga;Qiaga the Keeper;Shinga Deathwalker;Druga;Jo'chunga;Witch Doctor Oinga;Captain Zen'taga;Kin'toga Beastbane;Du'ga;Canaga Earthcaller;Kanga the Primal;Pechanga;Taz'anga;Tortunga;Jory Zaga;Berserker Zanga;Zim'kaga;Zoga;Warmother Gogatha;Salty Degasha;Asgari;Dregada;Witch Doctor Jangalar;Mengazi;Razgaji;Legati;Magasha;Tegashi;Uh'gali;Var'gazul,0.4352507
Syllable,un,8.0,8.0,0.0,0.0,Lookout Ungalra;Atal'jamba Ungo;Witchdoctor Unnraz;Unjari Feltongue;Un'Thuwa;Witch Doctor Unbagwa;Witch Doctor Unbugu;Guard Untula,0.3814016
Syllable,pa,12.0,8.0,3.0,1.0,Panogo;Spiritbinder Pa'chek;Pachu;Caretaker Padae;Pakina;Caretaker Patiko;Engineer Pa'Par;Parata;Historian Ju'pa;Apari;Nepatalo;Ripa the Wind Ripper,0.46328345
Syllable,i,14.0,8.0,4.0,2.0,Bloodwitch Ysinna;Vessel Iluna;Atal'jamba Iri;Itai;Iyan;Iku'tak;Ilalu;Loa Priestess Izita;Sani'i;Witch Doctor Uzer'i;Besh'iah;Bim'ini;Mau'iti;Taz'ishi,0.38140166
Syllable,jun,10.0,7.0,0.0,3.0,Jun'ta;Mama Junga;Jin'asula;Hexpriest Junda;Junji;Jun'do the Traitor;Hidetrader Jun'ik;Tul'jun the Dreamer;Var'jun;Zin'Jun,0.7115022
Syllable,mi,10.0,7.0,1.0,2.0,Mi'ja;Soothsayer Mirim'koa;Michul'mon;Apprentice Mijala Firehex;Miao'zan;Misensi;Mishiki;Uluami;Shoja'my;Amira Blazeweaver,0.13355356
Syllable,ko,25.0,7.0,5.0,13.0,Wardruid Ko'chus;Advisor Ko'jan;Kofu;Mixin' Mojo Kojo;Madam Konawla;Ko'ari;Ko'Zan;Otho Mojiko;Tavikko;Bustroll Gozzako;Caprain Grez'ko;Caretaker Patiko;Witch Doctah Toko;Toranko;Za'roco the Grifter;Loa Speaker Zako;Captain Jalazko;Rit'ko;Mojo Masher Shakko;Wysko;Handler Bazkoji;Witch Doctah Likola;Paku'ai Rokota;Stone Guard Rasconi;Shadow Hunter Urko'jin,0.6132178
Syllable,va,13.0,7.0,3.0,3.0,Blood Witch Vashera;Vanashi;Vanoza;Crazy Vaza;Va'jashni;Va'zik;Vanira;Arcweaver Jor'guva;Earthrender Ku'siva;Si'va;Khar'vaxal the Cracked;Zandelvari;Sus'vayin,0.49660018
Syllable,t,7.0,7.0,0.0,0.0,T'Chua;T'lama;T'sarah the Royal Chef;Bloodslayer T'ara;Senior Sergeant T'kelah;Witch Doctor T'wansi;Venomancer T'Kulu,0.31620112
Syllable,ki,37.0,7.0,9.0,21.0,Khila;Ki'mon;Loa-Speaker Kihara;Chronicler Kizani;Ki'ta Arrowtusk;Ki'agnuu;Kijara;Beastmaster Horaki;Maywiki;No'ci the Scribe;Nolaki;Poki;Shaz'ki;Meatminder Teki;Paku'ai Verraki;Zah'ki;Barder Zitaki;Zul'aki the Headhunter;Kaz'hiki;Lau'Tiki;Shadow Hunter Laztoki;Mishiki;Morakki;Batrider Pele'keiki;Tooki;Zen'Kiki;Zen'taki;Zen'tiki;Mala'kili;Chronicler Bah'Kini;Hekima the Wise;Chronicler Laz'Kino;Pakina;Chronicler To'kini;Doomsayer Volkini;Zen'Kiki;Zen'kili,0.31961602
Syllable,ya,26.0,7.0,2.0,17.0,"Yara;Yamuna;""Tuskbreaker"" Yana;Ya'mon;Ya'za the Vandal;Elder Yaka'li;Yazigo;Infiltrator Hameya;Hitah'ya the Keeper;Awakaya;First Mate Jamboya;Outfitter Nuya;Pan'ya;Vinaya;Moraya;Nimboya;Sheya Stormweaver;Voriya;Yeh'kinya;Zariya;Zeal'aya;Zeya;Zonya the Sadist;Zurjaya;Div'yane;Kanyaku",0.21508648
Syllable,zi,23.0,7.0,8.0,8.0,Zikii;Barder Zitaki;Zy'lah Manslayer;Zi'guma;Zi'mo the Empowered;Auctioneer Ziji;Zirazi the Star-Gazer;Lord Azi;Mengazi;Shadowblade Razi;Sulazi;Tezi;Hekazi;Zenzi;Zirazi the Star-Gazer;Warleader Krazzilak;Stalker Azibo;Bezime;Dockmaster Kazibo;Zaluzibo;Zilzibin;Loa Priestess Izita;Yazigo,0.4895589
Syllable,mu,9.0,6.0,1.0,2.0,Dunecaster Mu'na;Grave-Caller Muja;Trader Munengo;Muzingi;Munalti;Shadow Hunter Mutumba;Kha'damu;Utamu;Yamuna,0.43525067
Syllable,raz,8.0,6.0,0.0,2.0,Necrohexxer Raz'ka;Razgaji;Razjuto;Raz'kil the Icy;Raztu'jor;Razzil;Speaker Malaka'raz;Witchdoctor Unnraz,1.0
Syllable,go,34.0,6.0,7.0,21.0,Warmother Gogatha;Berserker Gola;Wingminder Goja;Atal'zul Gotaka;Voodoo Priest Golomojo;Gora'tin;Defector Dazgo;Orgo;Ongo'longo;Panogo;Chumbergo;Dinomancer Dajingo;Grungo;Jamingo;Trader Munengo;Tongo;Hexxer Ubungo;Atal'jamba Ungo;Zalgo the Explorer;Skumm Bag'go;Durango;Jin'tago;Morango;Ptin'go;San'shigo;Mojo Masher Ven'dango;Yazigo;Shadowspeaker Angolo;Hexxer Magoda;Magovu;Ongo'longo;Element-Tamer Dagoda;Ogopo;Tigowa,0.8016612
Syllable,li,48.0,6.0,10.0,32.0,Lilaju;Li'zal;Provisioner Lija;Witch Doctah Likola;Lina'gar;Lytah;Mala'kili;Warmother Rakkali;Ren'Zuli;Jan'li;Death-Caller Majuli;Marli Two-Toes;Aka'ali the Conqueror;Bi'li;Trader Haw'li;Lo'meli;Loa Speaker Joo'li;Koo'li;Clever Kumali;Acolyte Mali;Nokali the Scarred;Seshuli;Silent Tali;Framnali;Geba'li;Gez'li;Makuli;High Priestess Mar'li;Nekali;Kali Remik;Ka'tali Stonetusk;Tak'arili;Uh'gali;Zend'li Venomtusk;Wazzuli Wildmender;Xantili;Elder Yaka'li;Zen'kili;Balina;Ghaliri;Meli'wa;O'livia;Swolina;Captain Talisa;Melikree;Nezzliok the Dire;Yillixa;Zen'Aliri,0.20247343
Syllable,hu,10.0,6.0,4.0,0.0,Witch Doctor Hukari;Hula'mon;Huro'shal;Priestess Hu'rala;Hula'mahi;Huju;Jamil Abul'housin;King Rahu'ai;Wind Rinder Jahubo;K'huta,0.7115022
Syllable,zin,15.0,6.0,2.0,7.0,Zinja Ujomei;Warcaller Zin'bawa;Zin'boja;Zin'Jun;Mojo Doctor Zin'tar;Zinzula;Kray'zin Firetusk;Kil'zin of the Bloodscalp;Kil'zin of the Darkspear;Mai'zin;Tal'zin;Blood Guard Tor'zin;Champion Uru'zin;Muzingi;Lieutenant Ta'zinni,0.5521952
Syllable,ro,17.0,6.0,4.0,7.0,Siegebreaker Roka;Paku'ai Rokota;Lookout Ronaku;Rosie the Hitmon;Rovash the One Eyed;Rokhan;Ka'ro the Chopper;Zenbaro;Hiro;Una Ji'ro;Rangiro;Ton'raro;Xiz'ro;Zaroza the Fleshcarver;Za'roco the Grifter;Huro'shal;Joro'man,0.66708976
Syllable,sha,19.0,6.0,2.0,11.0,Shakor;Shado;Shakaeja;Sharisanda;Sha'kar;Ambassador Shala;Salty Degasha;Weaver Anaasha;Mozesha;Ra'sha;Tasha;Tayusha;Veesha Blazeweaver;Kasha;Magasha;Rasha Stonetusk;Exorcist Vaisha;Paku'ai Noshata;Officer Vu'Shalay,0.22152643
Syllable,mor,6.0,6.0,0.0,0.0,Morta'gya the Keeper;Mor'fani the Exile;Mor'Lek the Dismantler;Mor'riz;Mor'vek;Tiev Mordune,0.7550694
Syllable,rak,10.0,5.0,2.0,3.0,"Warmother Rakkali;Rak'tul, Vessel of Souls;Rakle the Wretched;Rak'jin;Rakkaha;Korrak the Bloodrager;Jorak;Ritualist Tarak;Morakki;Zorak'tul",0.7115022
Syllable,su,9.0,5.0,2.0,2.0,Suluz Wind-Tamer;Beast Handler Sujani;Sulazi;Su'tila;Sulaka;Tik'su;Venomancer Ant'su;Jin'asula;Mitsuwa,0.43525067
Syllable,kor,8.0,5.0,0.0,3.0,Korrak the Bloodrager;Atal'jamba Kor;Kor'ghan;Korran;Kortin;Shakor;Huntsman Markhor;Kraal Master B'khor,0.81188524
Syllable,bo,21.0,5.0,5.0,11.0,Loa Speaker Bola;Beastmaster Horaki;Bo'danda;Bo'ja;Warmaster Bo'jo;Warlord Zim'bo;Arbo;Stalker Azibo;Dockmaster Cobo;Dockmaster Kazibo;Mojambo;Xombo;Zaluzibo;Zenjibo;Foreman Al'jibo;Wind Rinder Jahubo;Umboda Three-Heads;First Mate Jamboya;Farbosi;Nimboya;Zin'boja,0.85416996
Syllable,lo,17.0,5.0,7.0,5.0,Lo'meli;Wardruid Loti;Lozu;Lono'tai;Lorenth Thundercall;Shadowspeaker Angolo;Chulo the Mad;Nepatalo;Orlo the Salve-Maker;Zumolo;Raptari Galo'wey;Deathspeaker Malo'rek;Voodoo Priest Golomojo;Malo'wa;Maloduri;Seer Malori;Tae'loxe Soulshrivel,0.5305948
Syllable,um,5.0,5.0,0.0,0.0,Umboda Three-Heads;Old Umbehto;Umbiwa;Witch Doctor Umbu;Watcher Umjin,0.7115022
Syllable,jan,9.0,5.0,1.0,3.0,Jan'li;Witch Doctor Jangalar;Janraja;Tuskmender Jan'zu;Jandi;Advisor Ko'jan;Sur'jan;Windcaller Ula'jan;Mil'janza,0.23563698
Syllable,mai,6.0,5.0,0.0,1.0,Witch Doctor Mai'jin;Mai'ah;Mai'Kyl;Mai'Lahii;Mai'zin;Jamai,0.38140163
Syllable,kaz,6.0,5.0,0.0,1.0,Kazra'jin;Caz'lek the Sleetbringer;Kaz'arin;Kaz'hiki;Kazkaz the Unholy;Kazkaz the Unholy,0.7550694
Syllable,zun,7.0,5.0,0.0,2.0,Outfitter Zunda;Zun'ja;Zungam;Zunjo of Sen'jin;Zunta;Onu'zun;Thu'zun the Vile,0.6065152
Syllable,vu,7.0,5.0,0.0,2.0,Tracker Vu'ka;Vunanju;Officer Vu'Shalay;Vulajin;Vuza'jin;Magovu;Makavu,0.78720444
Syllable,du,15.0,5.0,5.0,5.0,Spearguard Du'mont;Du'ga;Du'pre;Watcher Du'una;Durango;Warmother Ye'du;Skullcrusher Gundu;Witch Doctor Habra'du;Skodu;Taskmaster Zendu;Loa Speaker Kinduru;Maloduri;Tiev Mordune;Uduji;Zaduru,0.7115022
Syllable,ti,29.0,5.0,9.0,15.0,Tiri;Voodooist Timan;Tigowa;Tizare;Shadow Hunter Ty'jin;B'wizati;Lady Ha'ti;Beastmother Jabati;Kahti;Paku'ai Leti;Loanati;Wardruid Loti;Zalanti;Jil'ti;Legati;Lorti;Mau'iti;Munalti;Ubunti the Shade;Xar'Ti;Caretaker Patiko;Witch Doctor Zentimo;An'timon;Lau'Tiki;Nisstina;Su'tila;Xantili;Zen'tika;Zen'tiki,0.39780718
Syllable,an,15.0,5.0,6.0,4.0,Antu'sul;Shadowspeaker Angolo;Anji the Thundering;Ansari;An'timon;Ash'an the Empowered;Jammal'an the Prophet;Zendo'jian;Zild'jian;Blood Priestess Zu'Anji;Basher Hak'anjin;Orik'ando;Sian'dur;Sian'tsu;Taz'anga,0.5157299
Syllable,hi,10.0,4.0,3.0,3.0,Hitah'ya the Keeper;Blood Guard Hini'wana;Hira'jin;Hiro;First Sergeant Hola'mahi;Hula'mahi;Mimbihi;Kaz'hiki;Kil'Hiwana;Vehini,0.20901035
Syllable,ni,44.0,4.0,8.0,32.0,"Ambassador Nikash;Nimar the Slayer;Nija Torntusk;Nime;Soul-Speaker Galani;Chronicler Bah'Kini;Tall Hasani;Kaiani;Pa'kura Kash'jani;Chronicler Kizani;Headhunter Lani;Meijani;Mor'fani the Exile;Rani;Beast Handler Sujani;Taiani;Chronicler To'kini;Zia ""Sortcuts"" Ujani;Doomsayer Volkini;Zolani;Bim'ini;Cliffkeeper Bouldani;Gurthani the Elder;Gusini;Hae'wilani;Haka'wani;Skinner Jamani;Lah'Mawhani;Blood Guard Mal'wani;Norkani;Stone Guard Rasconi;Lieutenant Ta'zinni;Va'jashni;Vehini;Shapemaster Za'lani;Zuni;Jehnira;Jinifur;Dennika;Blood Guard Hini'wana;Seer Janidi;Sani'i;Vanira;Yenniku",0.24179767
Syllable,me,8.0,4.0,2.0,2.0,Aneka Melae;Meli'wa;Melikree;Shadow Hunter Mezil-kree;Bezime;Nime;Infiltrator Hameya;Lo'meli,0.3814016
Syllable,koo,4.0,4.0,0.0,0.0,Koo'li;Beast Handler Kooley;Kooma;Witch Doctor Koo'zar,0.3814016
Syllable,or,4.0,4.0,0.0,0.0,Conqueror Or'sosh;Orgo;Orlo the Salve-Maker;Ortezza,0.3814016
Syllable,rin,10.0,4.0,2.0,4.0,Rinling;Rin'ji;Rin'wosho the Trader;Rin'zaka the Galefist;Kazerin;Zelrin;Vel'rin Fang;Kaz'arin;Arin'sor;Gambarinka,0.7115022
Syllable,ho,5.0,4.0,1.0,0.0,"""Bad Mojo"" Hojo;Holaja Da Drunk;Happy Holaua;First Sergeant Hola'mahi;Great Hexer Ohodo",0.2913021
Syllable,je,6.0,4.0,0.0,2.0,Je'stry;Paku'ai Jetar;Jena;Je'neu Sancrea;Spiritwalker Kavi'je;Zaa'je,0.55219513
Syllable,tan,11.0,4.0,1.0,6.0,Than'jon;Tanjin the Ironshaper;Tanzar;Tanzuri;Krul'tan;Aitan;Ju'tan;Matan;Gheeda Bur'tan;Zebu'tan;Trader Zatanji,0.7350649
Syllable,si,14.0,4.0,2.0,8.0,Si'va;Sian'dur;Sian'tsu;Sijambi;Paku'ai Jasi;Queen Wasi;Batamsi;Farbosi;Misensi;Nakansi;Witch Doctor T'wansi;Tai'tasi;Gusini;Earthrender Ku'siva,0.19783294
Syllable,al,6.0,4.0,1.0,1.0,War-God Al'chukla;Al'tabim the All-Seeing;Aljabri;Foreman Al'jibo;Prelate Akk'al;Zeal'aya,0.7550694
Syllable,tor,6.0,4.0,0.0,2.0,Tor'gan;Witch Doctor Tor'gash;Blood Guard Tor'zin;Tortunga;Molthor;Trader Pro'ditor,1.0
Syllable,mar,7.0,4.0,0.0,3.0,Huntsman Markhor;Marli Two-Toes;Mar'Lee;High Priestess Mar'li;Nimar the Slayer;Tol'mar;Indalamar,0.78720444
Syllable,tal,8.0,4.0,1.0,3.0,Thal'trak Proudtusk;Tal'jin;Tal'zin;Talza;Beastcaller Aht'lutal;Nok'tal;Nok'tal the Savage;Natal'hakata,0.64908254
Syllable,jum,4.0,4.0,0.0,0.0,Historian Jum'Flitmo;Scout Jumju;Jumju;Spiritbinder Jumjabu,1.0
Syllable,ran,11.0,4.0,4.0,3.0,Ranvin;Rhan'ka;Ranzul Sonja;Rangiro;Guran the Frostblade;Slad'ran;Korran;Gyran'zul;Toranko;Durango;Morango,1.0
Syllable,zar,7.0,4.0,0.0,3.0,Berserker Zar'ri;Wavesinger Zara;Blood Guard Zar'shi;Zarjhin;Dazar;Witch Doctor Koo'zar;Tanzar,0.6065152
Syllable,zel,4.0,4.0,0.0,0.0,Zelley;Zelrin;Shadow Hunter Zel'duk;Zel'mak,0.64908254
Syllable,kul,6.0,4.0,0.0,2.0,Hydromancer Kulratha;Kul'amara;Kul'razahn;Kul'de;King A'akul;Arcanital Ra'kul,0.55219513
Syllable,nor,4.0,4.0,0.0,0.0,Norkani;Eartmender Norsala;Nortet;Nortera,0.17048194
Syllable,ve,4.0,4.0,0.0,0.0,High Priest Venoxis;Vehena;Vehini;Veka'kai,0.17048194
Syllable,jor,5.0,4.0,0.0,1.0,Arcweaver Jor'guva;Jorja;Jor'kil the Soulripper;Jornun;Raztu'jor,0.7115022
Syllable,xu,6.0,4.0,2.0,0.0,Xu'ba;Xuxuga;Ximo the Callous;Xumanu the Twisted;Xuxuga;Xenxuju,0.55219513
Syllable,ras,5.0,4.0,0.0,1.0,King Rastakhan;Ras'fari Bloodfrenzy;Stone Guard Rasconi;Raskha;Zul'ras,0.7115022
Syllable,xan,4.0,4.0,0.0,0.0,Xanjo;Xan'laji;Xan'tish;Xantili,0.64908254
Syllable,sin,6.0,3.0,2.0,1.0,Frostcaller Sin'tia;Sindo'zur the Toxifier;Deck Captain Sinja;Jamil Abul'housin;Bloodwitch Ysinna;Tesinjo,0.38140163
Syllable,wa,26.0,3.0,13.0,10.0,Zunaga Wana;Queen Wasi;Granda Watae;Meli'wa;Beastcaller Tuk'wa;Malo'wa;Mitsuwa;Tigowa;Umbiwa;Un'Thuwa;Witch Doctor Unbagwa;Warcaller Zin'bawa;Zuriwa the Hexxer;Gawanil;Awakaya;Julwaba;Meiwatha;Rawajo;Blind Tra'wala;Headhunter Gal'wana;Haka'wani;Blood Guard Hini'wana;Juwanamana;Kil'Hiwana;Blood Guard Mal'wani;Ra'waza Stonerus,0.38140163
Syllable,m,3.0,3.0,0.0,0.0,M'oa;Guardian M'sheke;Watcher M'barios,0.55219513
Syllable,gal,4.0,3.0,1.0,0.0,Gal'darash;Icemistress Gal'ha;Headhunter Gal'wana;Lookout Ungalra,0.3814016
Syllable,ke,11.0,3.0,4.0,4.0,Witch Doctor Kejabu;Kejina;Keren'dal;Guardian M'sheke;Hane'ke;Provisioner Jin'hake;Pikake;Rakera;Alascene;Headhunter Kuce'ba;Senior Sergeant T'kelah,0.26052934
Syllable,gor,4.0,3.0,1.0,0.0,Gorthak;Enforcer Gortok;Gor'gar;Zgordo the Burtalizer,1.0
Syllable,ji,46.0,3.0,10.0,33.0,Jinifur;Una Ji'ro;Jinar'Zillen;Warmother Van'ji;Blood Priestess Zu'Anji;Rin'ji;Anji the Thundering;Atulanji;Handler Bazkoji;Lucky Bunuji;Ci'ji;Enforcer Dakanji;Junanji;Junji;Loa Speaker Kur'taji;Makaanji;Razaji;Razgaji;Bladeguard Sonji;Talanji;Teshunji;Xan'laji;Chef Zab'aji;Zabanji;Zan'ji;Trader Zatanji;Zuaji;Zubaji Brokenspear;Night-Stalker Ku'nanji;Rejiji;Fishy Ser'ji;Tamanji;Uduji;Zelaji;Zen'Taji;Auctioneer Ziji;Blood Witch Najima;Otho Mojiko;Kejina;Stalker Mojica;Sejiju;Zenjibo;Foreman Al'jibo;Rejiji;Zendo'jian;Zild'jian,0.5243374
Syllable,rez,4.0,3.0,0.0,1.0,Rezrelek;Rez'caza;Captain Rez'okun;Shadow Hunter Narez,0.64908254
Syllable,gan,7.0,3.0,0.0,4.0,Gan'dranda;Volda Gan'dra;Gan'zulah;Mrogan;Warlord Jugan;Kor'ghan;Tor'gan,0.78720444
Syllable,den,4.0,3.0,0.0,1.0,Den'chulu;Shadow Hunter Denjai;Dennika;Jahden Fla,0.3814016
Syllable,ren,5.0,3.0,2.0,0.0,Ren'Zuli;Ma'da Ren'kala;Renn'az;Keren'dal;Torenda,0.2913021
Syllable,pe,4.0,3.0,0.0,1.0,Pechanga;Batrider Pele'keiki;Pele'zol;Interrogator Xi'pe,0.3814016
Syllable,ar,6.0,3.0,2.0,1.0,Arbo;High Priestess Arlokk;Khar'vaxal the Cracked;Jet'ar;Maharba;Zul'armon,0.7550694
Syllable,zal,10.0,3.0,3.0,4.0,Zal'jen;Zalgo the Explorer;Captain Zalkran;Ban'zal;Exzhal;Li'zal;Zanazal the Wise;Blood-Hunter Dazal'ai;Jin'Zallah the Sandbringer;Razal'blade,0.58993447
Syllable,xen,4.0,3.0,0.0,1.0,Xenxuju;Xen'to;Xen'Zilla;Najak Hexxen,1.0
Syllable,chu,6.0,3.0,1.0,2.0,Chulo the Mad;Chuba;Chukay;Pachu;Bomsanchu;Den'chulu,0.38140163
Syllable,mau,3.0,3.0,0.0,0.0,Witch Doctor Mau'ari;Mau'iti;Venomancer Mauri,0.23563696
Syllable,mit,3.0,3.0,0.0,0.0,Mithrethis the Enchanter;Mith'aka;Mitsuwa,0.55219513
Syllable,nu,12.0,3.0,4.0,5.0,Basher Nujia;Outfitter Nuya;Nuku'te;A'danu;Xumanu the Twisted;Zununu the Undefeated;Buunu;Temanu;Onu'zun;Lucky Bunuji;Tanubu;Zununu the Undefeated,0.64908254
Syllable,e,7.0,3.0,3.0,1.0,E'ban;Interrogator Ekon;E'sad;Shadow Hunter Mok'e;Zajera the Huntress;Ziaeja;Ula'elek,0.6065152
Syllable,yu,4.0,3.0,1.0,0.0,Yu'rina the Mystic;Yuree;Yuwija;Tayusha,0.17048194
Syllable,zo,9.0,3.0,2.0,4.0,Zolani;Zoga;Zorak'tul;Duelin' Dinzo;Banteazo;Uzo Deathcaller;Ta'zo;Mazoga;Mooncaller Mozo'kas,0.55219513
Syllable,co,3.0,3.0,0.0,0.0,Co'man;Dockmaster Cobo;Cona,0.55219513
Syllable,daa,4.0,3.0,0.0,1.0,Daakara;Zajera the Huntress;Witch Doctor Daara;Witch Doctor Tza'dah,0.17048194
Syllable,zur,4.0,3.0,0.0,1.0,Zur'chaka the Bonecrafter;Zur'ak Firefist;Zurjaya;Sindo'zur the Toxifier,0.3814016
Syllable,tai,7.0,3.0,1.0,3.0,Taiani;Tai'jin;Tai'tasi;Itai;Lono'tai;Tatai;Atai'nata,0.45117575
Syllable,jam,6.0,3.0,3.0,0.0,First Mate Jam'ari;First Mate Jamboya;Jammal'an the Prophet;Mojambo;Vol'jamba;Sijambi,0.55219513
Syllable,kin,5.0,3.0,1.0,1.0,Loa Speaker Kinduru;Kin'toga Beastbane;Kin'weelay;Zen'kin;Yeh'kinya,0.7115022
Syllable,gu,8.0,3.0,3.0,2.0,Guran the Frostblade;Gusini;Guzul'dar;Witch Doctor Unbugu;Zengu;Arcweaver Jor'guva;Magura;Zi'guma,0.64908254
Syllable,re,10.0,3.0,3.0,4.0,Retherokk the Berserker;Wavesinger Rekan;Rejiji;Sverre;Navigator Tah're;Tizare;Zul'tore;Rezrelek;Mithrethis the Enchanter;First Mate Nereus,0.84730536
Syllable,ban,5.0,3.0,1.0,1.0,Ban'zal;Banshi;Banteazo;E'ban;Zabanji,0.48047537
Syllable,tak,7.0,3.0,0.0,4.0,Tak'lejo;Tak'arili;Tak'moa;Gorthak;Beast Handler Kalatak;Iku'tak;Overseer Jintak,0.78720444
Syllable,ur,3.0,3.0,0.0,0.0,Ur'kyo;Shadow Hunter Urko'jin;Shadowbreaker Urzula,0.55219513
Syllable,vel,3.0,3.0,0.0,0.0,Hydromancer Velratha;Vel'rin Fang;Bookie Vel'jen,0.55219513
Syllable,ash,4.0,3.0,0.0,1.0,Ash'an the Empowered;Chronicler Ash'tari;Ash'ergi;Ku'ash,0.64908254
Syllable,han,3.0,3.0,0.0,0.0,Han'jin;Hanzabu;Han'thul,0.55219513
Syllable,cha,10.0,3.0,2.0,5.0,Chaka the Infused;Spiritbinder Cha'lat;Chabal;Howcha;Scout Kas'cha;Yoru'cha;Servant Zancha;Xon'cha;Vinchaxa;Zur'chaka the Bonecrafter,0.58993447
Syllable,le,9.0,3.0,5.0,1.0,Elder Leaxa;Paku'ai Leti;Legati;Rakle the Wretched;Tak'lejo;Tezlekhan;Kaulema the Mover;Batrider Pele'keiki;Pele'zol,0.43525067
Syllable,maa,5.0,3.0,0.0,2.0,Maaka;Mah'ral;Maharba;Jo'mah;Kalyimah Stormcloud,0.7115022
Syllable,mal,4.0,3.0,1.0,0.0,Enforcer Malzon;Blood Guard Mal'wani;Water Mal'wi;Jammal'an the Prophet,0.3814016
Syllable,do,20.0,3.0,6.0,11.0,Dohaman the Beast Lord;War-God Dokah;Doyo'da;Torundo the Grizzled;Endo Coinkeeper;Shado;Jin'do the Hexxer;Jun'do the Traitor;Fisherman Lin'do;Great Hexer Ohodo;Orik'ando;Zan'do;Zang'do;Zgordo the Burtalizer;Daz'dono;Lando'sal;Bloodlord Mandokir;Sindo'zur the Toxifier;Zando'zan;Zendo'jian,0.92135024
Syllable,ri,51.0,3.0,10.0,38.0,Rina the Traveler;Ripa the Wind Ripper;Rhinag;Tiri;Healer Drak'tari;Aljabri;Ansari;Apari;Asgari;Chronicler Ash'tari;Ba'kari;Ghaliri;Witch Doctor Hukari;Atal'jamba Iri;Chronicler Jabari;First Mate Jam'ari;Ju'ri;Wavesinger Kari;Koari;Ma'ri;Ra'wiri;Captain Zadari;Zandelvari;Berserker Zar'ri;Wavesinger Zara;Ras'fari Bloodfrenzy;Unjari Feltongue;Ko'ari;Huntress Kuzari;Maloduri;Seer Malori;Witch Doctor Mau'ari;Venomancer Mauri;Sajari Felhand;Shi'ri;Ta'jari;Tanzuri;Taz'jari;Tunari;Zari'zari;Zen'Aliri;Sharisanda;Jes'rimon;Watcher M'barios;Tak'arili;Tari'qa;Voriya;Yu'rina the Mystic;Zari'zari;Zariya;Zuriwa the Hexxer,0.26797906
Syllable,hak,3.0,3.0,0.0,0.0,Basher Hak'anjin;Milliner Hakkit;Blood Guard Hakkuz,0.55219513
Syllable,moz,3.0,3.0,0.0,0.0,Moz'jin;Moz'di;Moz'def,1.0
Syllable,ne,12.0,3.0,3.0,6.0,Nepatalo;Nekali;First Mate Nereus;Watcher Char'mayne;Div'yane;Alascene;Tiev Mordune;Zalazane;Zillane;Janena;Hane'ke;Tuneja,0.30574766
Syllable,kal,13.0,3.0,2.0,8.0,Kal'dran;Khal'ak;Kal'ia Pa'kuaya;Blood-Hunter Akal;Drekal;Captain Halu'kal;Enforcer Sekal;High Priest Thekal;Lieutenant Trag'kal;Zuvembi Brewer Zekal;Jarkal Mossmeld;Makalla;Bakkalzu,0.5811088
Syllable,hai,3.0,3.0,0.0,0.0,High Priestess Hai'watna;Hai'zan;Hai'zujin,0.55219513
Syllable,ye,7.0,2.0,3.0,2.0,Warmother Ye'du;Yeniss;Navigator Moye;Otoye;Beastmaster Veayeka;Trayexir;X'yera,0.45117575
Syllable,din,4.0,2.0,0.0,2.0,Duelin' Dinzo;Doomsayer Din'ju;Vuz'din;Wodin the Troll-Servant,1.0
Syllable,ru,15.0,2.0,6.0,7.0,"Ruuzlu;Ru'zah;Overlord Drakuru;Loa Speaker Kinduru;Biru The Drunk;Dinomancer Zakuru;""Black Eye"" Zenru;Zaduru;Shadow-Walker Zuru;Wardrummer Zurula;Yoru'cha;Maru'sa;Marukai;Champion Uru'zin;Uruka the Cutthroat",0.629016
Syllable,haz,2.0,2.0,0.0,0.0,Haz'waz the Toxic;Hazlek,1.0
Syllable,bi,12.0,2.0,3.0,7.0,Bi'li;Biru The Drunk;Moorabi;J'eebi;Razambi the Drunk;Teshyambi;Sesebi;Sijambi;Zen'tenbi;Kimbiza;Mimbihi;Umbiwa,0.17048194
Syllable,lin,2.0,2.0,0.0,0.0,Lin'flin Fowlhunter;Fisherman Lin'do,0.64908254
Syllable,ken,2.0,2.0,0.0,0.0,Ken'jai;Ken'zigla,1.0
Syllable,too,2.0,2.0,0.0,0.0,Chef Toofus;Tooki,1.0
Syllable,jaa,2.0,2.0,0.0,0.0,Jahden Fla;Jah'nii,0.3814016
Syllable,shaz,2.0,2.0,0.0,0.0,Warmother Shaz'raka;Shaz'ki,0.0
Syllable,zas,2.0,2.0,0.0,0.0,Hexxer Zas'guk;Shadow Hunter Zasta,0.3814016
Syllable,drak,2.0,2.0,0.0,0.0,Drak'aguul;Healer Drak'tari,1.0
Syllable,ak,6.0,2.0,0.0,4.0,Atal'jani Ack'uff;Prelate Akk'al;Atal'jani Buz'ack;Dra'al the Bloodthirsty;Khal'ak;Zur'ak Firefist,0.55219513
Syllable,tra,2.0,2.0,0.0,0.0,Blind Tra'wala;Trayexir,0.3814016
Syllable,lan,9.0,2.0,3.0,4.0,Wavemaster Lanfa;Lando'sal;Prelate Za'lan;Pirate-King Zem'lan;Khalan;Wulan;Atulanji;Talanji;Zalanti,0.43525067
Syllable,gin,2.0,2.0,0.0,0.0,Gin'jim;Ginza Darktusk,0.3814016
Syllable,vor,3.0,2.0,1.0,0.0,Lookout Vor'sul;Master Vornal;Zen'Vorka,0.55219513
Syllable,jul,3.0,2.0,0.0,1.0,Julwaba;Forstcaller Julh'ek;Shadow Hunter Da'jul,0.55219513
Syllable,zab,2.0,2.0,0.0,0.0,Chef Zab'aji;Zabrax,1.0
Syllable,sur,2.0,2.0,0.0,0.0,Sur'jan;Surkhan,1.0
Syllable,lor,3.0,2.0,0.0,1.0,Zealot Lor'Khan;Lorti;Beastcaller Mat'talor,0.55219513
Syllable,var,2.0,2.0,0.0,0.0,Var'gazul;Var'jun,1.0
Syllable,xi,2.0,2.0,0.0,0.0,Interrogator Xi'pe;Keeper Xibek,1.0
Syllable,ton,3.0,2.0,1.0,0.0,Tongo;Ton'raro;Katonga,1.0
Syllable,sho,3.0,2.0,0.0,1.0,Deathspeaker Sho'jin;Shoja'my;Rin'wosho the Trader,0.55219513
Syllable,zol,3.0,2.0,0.0,1.0,Warlord Zol'Maz;Zoltrik Bdrakebane;Pele'zol,0.55219513
Syllable,wo,4.0,2.0,2.0,0.0,Wodin the Troll-Servant;Wodyn;Rin'wosho the Trader;Zon'Wogi,1.0
Syllable,zim,2.0,2.0,0.0,0.0,Warlord Zim'bo;Zim'kaga,0.3814016
Syllable,kraz,2.0,2.0,0.0,0.0,Warleader Krazzilak;Crazzak the Heretic,1.0
Syllable,laz,3.0,2.0,1.0,0.0,Chronicler Laz'Kino;Shadow Hunter Laztoki;Captain Jalazko,0.23563696
Syllable,daz,2.0,2.0,0.0,0.0,Defector Dazgo;Daz'dono,1.0
Syllable,sez,2.0,2.0,0.0,0.0,Shadowpriest Sezz'ziz;Lookout Sezza,0.3814016
Syllable,er,3.0,2.0,1.0,0.0,Er'eek;Erkhart Stormvein;Ash'ergi,1.0
Syllable,maz,4.0,2.0,0.0,2.0,Maz'taka;Maz'dinah;Drek'Maz;Warlord Zol'Maz,0.64908254
Syllable,fa,5.0,2.0,2.0,1.0,Fa'tafi;Fazerra;Wavemaster Lanfa;Mor'fani the Exile;Ras'fari Bloodfrenzy,0.2913021
Syllable,waz,4.0,2.0,0.0,2.0,Waz'luk;Wazzuli Wildmender;Haz'waz the Toxic;Jub'waz,0.64908254
Syllable,sul,4.0,2.0,0.0,2.0,Sul the Sandcrawler;Sul'aka;Antu'sul;Lookout Vor'sul,0.64908254
Syllable,bu,15.0,2.0,4.0,9.0,Butun the Boneripper;Lucky Bunuji;Hanzabu;Witch Doctor Kejabu;Mambu;Mugjabu;Tanubu;Jo'bu;Spiritbinder Jumjabu;Marksman Udabu;Witch Doctor Umbu;Habutu;Abu'gar;Witch Doctor Unbugu;Zebu'tan,0.89617735
Syllable,yaz,2.0,2.0,0.0,0.0,Yazma;Yazmo the Loota,0.3814016
Syllable,sen,3.0,2.0,1.0,0.0,Ravasur Master Sen'ja;Sen'jin;Misensi,0.55219513
Syllable,gur,2.0,2.0,0.0,0.0,Gur'zil;Gurthani the Elder,0.3814016
Syllable,gar,8.0,2.0,0.0,6.0,Quartermaster Garza;Garra;Siegebreaker Vol'gar;Abu'gar;Gor'gar;Lina'gar;Makasgar;Rek'gar,0.5068051
Syllable,goz,2.0,2.0,0.0,0.0,Gozda'kun;Bustroll Gozzako,1.0
Syllable,val,2.0,2.0,0.0,0.0,Val'run;Tracker Val'zij,0.64908254
Syllable,he,3.0,2.0,1.0,0.0,Hekima the Wise;Hekazi;Vehena,0.55219513
Syllable,j,2.0,2.0,0.0,0.0,J'eebi;Shadow Hunter J'wan,0.3814016
Syllable,mot,2.0,2.0,0.0,0.0,Motla;Motrek,0.3814016
Syllable,ral,4.0,2.0,0.0,2.0,Ral'jin;Shanky Ralla;Mah'ral;Vesh'ral,0.3814016
Syllable,vul,2.0,2.0,0.0,0.0,Priestess Vulja;Vulnullu,0.0
Syllable,jee,2.0,2.0,0.0,0.0,Jehnira;Jee'zee,0.3814016
Syllable,jen,4.0,2.0,0.0,2.0,Loa Speaker Jen'ka;Jen'shan;Zal'jen;Bookie Vel'jen,0.3814016
Syllable,dre,3.0,2.0,1.0,0.0,Dregada;Drekal;Vol'dreka,1.0
Syllable,bom,2.0,2.0,0.0,0.0,Bom'bay;Bomsanchu,1.0
Syllable,dra,4.0,2.0,0.0,2.0,Overlord Drakuru;Dra'al the Bloodthirsty;Farseer Gadra;Volda Gan'dra,0.64908254
Syllable,ray,3.0,2.0,1.0,0.0,Ray'zon;Ray'ma;Kuray'bin,1.0
Syllable,la,89.0,2.0,32.0,55.0,Headhunter Lani;Lah'Mawhani;Ma'da Akala;Warmother Nagla;Blood Witch Pakkala;Ma'da Ren'kala;Wardrummer Zurula;Berserker Gola;Soothsayer Shi'kala;Tregla;War-God Al'chukla;Azala;Loa Speaker Bola;Witch Doctor Jala;Jin'asula;Darkspeaker Jo'la;Hexmother Kala;Khila;Madam Konawla;Kula the Butcher;Beastlord L'kala;Witch Doctah Likola;Makalla;Cooka Mala;Motla;Nurkala;Old Tella;Shanky Ralla;The Matron Shaazula;Taz'la the Vulgar;Blind Tra'wala;Za'mala;Neela Firebane;Apprentice Mijala Firehex;Priestess Hu'rala;Ja'kala;Jakala the Cruel;Vyse Jin'kala;Jin'thala;Ken'zigla;Provisioner Lambala;Lui'Mala;Shadow Hunter Mala;Mom'zula;Neejala;Eartmender Norsala;Ruala the Spotter;Ambassador Shala;Shim'la;Su'tila;Tula;Guard Untula;Shadowbreaker Urzula;Xen'Zilla;Bloodslayer Zala;Zen'kala;Zinzula;Mala'kili;Warmother Molaka;Soul-Speaker Galani;Speaker Malaka'raz;Lilaju;Hex Lord Malacrass;Holaja Da Drunk;Hula'mon;Beast Handler Kalatak;Nalakana;Nolaki;Sulazi;T'lama;Arcanital Tula'chek;Windcaller Ula'jan;Xan'laji;Zolani;Hae'wilani;First Sergeant Hola'mahi;Hula'mahi;Ilalu;Indalamar;Kala'ma;Mai'Lahii;Sulaka;Ula'elek;Vulajin;Shapemaster Za'lani;Zaelatha;Zalazane;Zelaji;Zillane,0.24785987
Syllable,jek,2.0,2.0,0.0,0.0,Jek'kwa;High Priestess Jeklik,0.3814016
Syllable,ven,2.0,2.0,0.0,0.0,Mojo Masher Ven'dango;Ven'jashi,1.0
Syllable,mei,2.0,2.0,0.0,0.0,Meijani;Meiwatha,0.0
Syllable,so,5.0,2.0,1.0,2.0,Beast Handler Sonaba;Soratha;Ba'so;Ohseso;Jin'sora,0.7115022
Syllable,taa,5.0,2.0,1.0,2.0,Beast Handler Tahno;Navigator Tah're;Griftah;Lytah;Hitah'ya the Keeper,0.48047537
Syllable,hex,2.0,2.0,0.0,0.0,Zabra Hexx;Najak Hexxen,1.0
Syllable,kai,5.0,2.0,0.0,3.0,Kaiani;Senior Sergeant Kai'jin;Marukai;Mojo'kai;Veka'kai,0.13355356
Syllable,b,2.0,2.0,0.0,0.0,Kraal Master B'khor;B'wizati,0.3814016
Syllable,nai,3.0,2.0,0.0,1.0,Nailok;Frostcaller Nai'jin;Tonai,0.55219513
Syllable,nee,2.0,2.0,0.0,0.0,Neela Firebane;Neejala,0.0
Syllable,zil,10.0,2.0,3.0,5.0,Zilzibin;Zillane;Gur'zil;Witch Doctor Jin'Zil;Razzil;Zag'zil;Zanzil;Jinar'Zillen;Shadow Hunter Mezil-kree;Xen'Zilla,1.0
Syllable,tol,2.0,2.0,0.0,0.0,Tol'mar;Watcher Tolwe,1.0
Syllable,en,3.0,2.0,0.0,1.0,Endo Coinkeeper;Enyo;Captain Dam'en,0.55219513
Syllable,zam,3.0,2.0,1.0,0.0,Old Zamba;Zamja;Razambi the Drunk,0.55219513
Syllable,kan,16.0,2.0,3.0,11.0,Kanga the Primal;Kanyaku;God-Hulk Gulkan;Jabra'kan the Poacher;King Rastakhan;Wavesinger Rekan;Loa Speaker Shan'kan;Surkhan;Taz'kan;Tezlekhan;Zealot Lor'Khan;Rokhan;Zekhan;Enforcer Dakanji;Akanja;Nakansi,0.7276503
Syllable,as,2.0,2.0,0.0,0.0,Asgari;Shadow Hunter Askia,0.0
Syllable,joo,2.0,2.0,0.0,0.0,Loa Speaker Joo'li;Telf Joolam,0.3814016
Syllable,zon,5.0,2.0,0.0,3.0,Zon'Wogi;Zonya the Sadist;Enforcer Malzon;Ray'zon;Conqueror Yun'zon,0.48047537
Syllable,ser,2.0,2.0,0.0,0.0,Fishy Ser'ji;Serr'ah,0.3814016
Syllable,zat,2.0,2.0,0.0,0.0,Zathra;Zealot Zath,0.3814016
Syllable,zua,3.0,2.0,0.0,1.0,Zuaba Sonja;Zuaji;Hana'zua,1.0
Syllable,rai,3.0,2.0,0.0,1.0,Raitea;Raiza;Zurai,0.55219513
Syllable,nok,4.0,2.0,0.0,2.0,"Nok'tal;Nok'tal the Savage;Jo'nok, Bulwark of Torcali;Stalker Tenoch",1.0
Syllable,jes,2.0,2.0,0.0,0.0,Jes'tri;Jes'rimon,1.0
Syllable,ver,2.0,2.0,0.0,0.0,Atal'Akunda Ver'sara;Paku'ai Verraki,0.0
Syllable,zee,4.0,2.0,0.0,2.0,Zeezu;Zeh'gehn;Jee'zee;Cataloger Prazee,0.64908254
Syllable,tez,3.0,2.0,1.0,0.0,Tezlekhan;Tez Tez the Patchmonger;Ortezza,0.55219513
Syllable,shi,16.0,2.0,2.0,12.0,Soothsayer Shi'kala;Shi'ri;Jo'shi;Seshi;Vanashi;Zukashi;Zunashi the Exile;Banshi;Hanashi;Taz'ishi;Tegashi;Ven'jashi;Blood Guard Zar'shi;Archivist Zubashi;Mishiki;San'shigo,0.7276503
Syllable,de,5.0,2.0,0.0,3.0,"Salty Degasha;Wavesinger De'zan;Ahlswede the ""Mapmon"";Kul'de;Razal'blade",0.7115022
Syllable,zor,2.0,2.0,0.0,0.0,Zor'be the Bloodletter;Zorza,1.0
Syllable,dru,3.0,2.0,0.0,1.0,Druga;Siegebreaker Druku;A'dru,1.0
Syllable,zaa,4.0,2.0,1.0,1.0,Zah'ki;Zaa'je;Ru'zah;Sezah'jin,1.0
Syllable,tuk,2.0,2.0,0.0,0.0,Beastcaller Tuk'wa;Tukk,1.0
Syllable,bat,2.0,2.0,0.0,0.0,Battok the Berseker;Bath'rah the Windwatcher,1.0
Syllable,tax,1.0,1.0,0.0,0.0,Taxson,1.0
Syllable,jab,2.0,1.0,1.0,0.0,Jabra'kan the Poacher;Aljabri,1.0
Syllable,vex,1.0,1.0,0.0,0.0,Vex'tul,1.0
Syllable,got,1.0,1.0,0.0,0.0,Gottum,1.0
Syllable,nur,1.0,1.0,0.0,0.0,Nurkala,1.0
Syllable,gul,1.0,1.0,0.0,0.0,God-Hulk Gulkan,1.0
Syllable,tel,2.0,1.0,1.0,0.0,Old Tella;Uthel'nay,1.0
Syllable,yi,1.0,1.0,0.0,0.0,Yillixa,0.0
Syllable,yia,1.0,1.0,0.0,0.0,Blood Witch Yialu,0.0
Syllable,cin,1.0,1.0,0.0,0.0,Chin'ika,0.0
Syllable,lam,2.0,1.0,0.0,1.0,Provisioner Lambala;Telf Joolam,0.3814016
Syllable,mro,1.0,1.0,0.0,0.0,Mrogan,1.0
Syllable,gef,1.0,1.0,0.0,0.0,Geffon the Unruly,1.0
Syllable,shak,1.0,1.0,0.0,0.0,Mojo Masher Shakko,1.0
Syllable,kran,2.0,1.0,0.0,1.0,Wild Kranzae;Captain Zalkran,0.3814016
Syllable,ber,2.0,1.0,1.0,0.0,Berger the Steadfast;Chumbergo,0.64908254
Syllable,gren,1.0,1.0,0.0,0.0,Grenthar,1.0
Syllable,raa,6.0,1.0,0.0,5.0,Rah'chil;Witch Doctor Zum'rah;T'sarah the Royal Chef;Zarah;Bath'rah the Windwatcher;Marah,0.23563696
Syllable,jal,2.0,1.0,0.0,1.0,Corpse Monger Jal'aka;Gara'jal the Spiritbinder,0.3814016
Syllable,yarz,1.0,1.0,0.0,0.0,Summoner Yarz,0.0
Syllable,z,1.0,1.0,0.0,0.0,Zgordo the Burtalizer,1.0
Syllable,wu,1.0,1.0,0.0,0.0,Wulan,1.0
Syllable,ted,1.0,1.0,0.0,0.0,Ted'ja,1.0
Syllable,slad,1.0,1.0,0.0,0.0,Slad'ran,1.0
Syllable,she,3.0,1.0,2.0,0.0,Sheya Stormweaver;Blood Witch Vashera;Guardian M'sheke,0.0
Syllable,kon,3.0,1.0,0.0,2.0,Kontokanis;Interrogator Ekon;Ba'kon,1.0
Syllable,pak,1.0,1.0,0.0,0.0,Blood Witch Pakkala,0.0
Syllable,gez,1.0,1.0,0.0,0.0,Gez'li,0.0
Syllable,jil,1.0,1.0,0.0,0.0,Jil'ti,0.0
Syllable,von,1.0,1.0,0.0,0.0,Servant Vonja,0.0
Syllable,ca,1.0,1.0,0.0,0.0,Canaga Earthcaller,1.0
Syllable,trag,1.0,1.0,0.0,0.0,Lieutenant Trag'kal,1.0
Syllable,kur,1.0,1.0,0.0,0.0,Loa Speaker Kur'taji,1.0
Syllable,tzu,2.0,1.0,0.0,1.0,Windmaster Tzu-Tzu;Windmaster Tzu-Tzu,1.0
Syllable,jol,1.0,1.0,0.0,0.0,Happy Jolta,1.0
Syllable,far,1.0,1.0,0.0,0.0,Farbosi,1.0
Syllable,sno,1.0,1.0,0.0,0.0,Bos'n Sno,0.3814016
Syllable,drek,1.0,1.0,0.0,0.0,Drek'Maz,1.0
Syllable,won,1.0,1.0,0.0,0.0,Won'sa,0.0
Syllable,chel,1.0,1.0,0.0,0.0,Loa Speaker Chel'ra,0.0
Syllable,brek,1.0,1.0,0.0,0.0,Loa Speaker Brek,1.0
Syllable,xiz,1.0,1.0,0.0,0.0,Xiz'ro,1.0
Syllable,how,1.0,1.0,0.0,0.0,Howcha,1.0
Syllable,don,1.0,1.0,0.0,0.0,Don'ad,1.0
Syllable,aa,4.0,1.0,0.0,3.0,Scalper Ahunae;Besh'iah;Mai'ah;Serr'ah,0.17048194
Syllable,sal,2.0,1.0,0.0,1.0,Wardrummer Saljo;Lando'sal,1.0
Syllable,grik,1.0,1.0,0.0,0.0,Grik'nir the Cold,1.0
Syllable,hez,1.0,1.0,0.0,0.0,Witch Doctor Hez'tok,1.0
Syllable,vil,1.0,1.0,0.0,0.0,Vilnak'dor,1.0
Syllable,vesh,1.0,1.0,0.0,0.0,Vesh'ral,1.0
Syllable,org,1.0,1.0,0.0,0.0,High Priest Orglum,1.0
Syllable,pan,1.0,1.0,0.0,0.0,Pan'ya,0.0
Syllable,vaz,1.0,1.0,0.0,0.0,Vaz'rek,1.0
Syllable,yee,1.0,1.0,0.0,0.0,Yeh'kinya,1.0
Syllable,d,1.0,1.0,0.0,0.0,D'rei,1.0
Syllable,buz,1.0,1.0,0.0,0.0,Atal'jani Buz'ack,1.0
Syllable,baa,2.0,1.0,0.0,1.0,Chronicler Bah'Kini;Tre'bah,0.17048194
Syllable,sus,1.0,1.0,0.0,0.0,Sus'vayin,1.0
Syllable,fram,1.0,1.0,0.0,0.0,Framnali,0.0
Syllable,ard,1.0,1.0,0.0,0.0,Ardsami,0.0
Syllable,shin,1.0,1.0,0.0,0.0,Shinga Deathwalker,0.0
Syllable,div,1.0,1.0,0.0,0.0,Div'yane,0.0
Syllable,vun,2.0,1.0,0.0,1.0,Conqueror Vun'jin;Kuz'vun,1.0
Syllable,tuul,1.0,1.0,0.0,0.0,Thuul,1.0
Syllable,kel,1.0,1.0,0.0,0.0,Kel'gash the Wicked,1.0
Syllable,shai,1.0,1.0,0.0,0.0,Shadow Priestess Shai,0.0
Syllable,shu,3.0,1.0,1.0,1.0,Ol' Shu;Mojodishu;Seshuli,0.23563696
Syllable,vee,2.0,1.0,0.0,1.0,Veesha Blazeweaver;Steelweaver Javee,0.0
Syllable,ge,1.0,1.0,0.0,0.0,Geba'li,1.0
Syllable,mol,1.0,1.0,0.0,0.0,Molthor,1.0
Syllable,x,1.0,1.0,0.0,0.0,X'yera,1.0
Syllable,kay,2.0,1.0,0.0,1.0,Kaymon;Chukay,0.3814016
Syllable,heb,1.0,1.0,0.0,0.0,Heb'jin,1.0
Syllable,grif,1.0,1.0,0.0,0.0,Griftah,1.0
Syllable,chal,1.0,1.0,0.0,0.0,Paku'ai Chal,0.0
Syllable,on,1.0,1.0,0.0,0.0,Ongo'longo,1.0
Syllable,bur,1.0,1.0,0.0,0.0,Gheeda Bur'tan,1.0
Syllable,dam,1.0,1.0,0.0,0.0,Captain Dam'en,1.0
Syllable,drif,1.0,1.0,0.0,0.0,Drifta,1.0
Syllable,xak,1.0,1.0,0.0,0.0,Blood Priest Xak'lar,0.0
Syllable,nag,2.0,1.0,0.0,1.0,Warmother Nagla;Rhinag,0.3814016
Syllable,tre,1.0,1.0,0.0,0.0,Tre'bah,0.3814016
Syllable,shen,1.0,1.0,0.0,0.0,Shenthul,1.0
Syllable,yun,1.0,1.0,0.0,0.0,Conqueror Yun'zon,1.0
Syllable,yal,2.0,1.0,0.0,1.0,Corpse Bringer Yal'kar;Grayal,0.3814016
Syllable,mil,2.0,1.0,0.0,1.0,Mil'janza;Ta'mil Nadu,1.0
Syllable,xon,1.0,1.0,0.0,0.0,Xon'cha,1.0
Syllable,san,4.0,1.0,3.0,0.0,San'shigo;Trader Masan'ka;Sharisanda;Bomsanchu,0.3814016
Syllable,swo,1.0,1.0,0.0,0.0,Swolina,0.0
Syllable,man,7.0,1.0,1.0,5.0,Bloodlord Mandokir;Voodooist Timan;Aman de Child;Co'man;Dohaman the Beast Lord;Joro'man;Tamanji,0.6065152
Syllable,shon,1.0,1.0,0.0,0.0,Shon'ja,0.0
Syllable,buul,1.0,1.0,0.0,0.0,Cliffkeeper Bouldani,0.0
Syllable,tik,1.0,1.0,0.0,0.0,Tik'su,1.0
Syllable,nef,1.0,1.0,0.0,0.0,Scout Neftis,0.0
Syllable,k,1.0,1.0,0.0,0.0,K'huta,0.0
Syllable,gran,1.0,1.0,0.0,0.0,Quartermaster Gran,0.0
Syllable,kray,1.0,1.0,0.0,0.0,Kray'zin Firetusk,0.0
Syllable,yan,2.0,1.0,0.0,1.0,Sharpeye Yan'ja;Iyan,0.3814016
Syllable,groz,1.0,1.0,0.0,0.0,Grozztok the Blackheart,1.0
Syllable,kre,1.0,1.0,0.0,0.0,Cre'van,1.0
Syllable,ai,3.0,1.0,0.0,2.0,Aitan;Blood-Hunter Dazal'ai;King Rahu'ai,0.55219513
Syllable,mom,1.0,1.0,0.0,0.0,Mom'zula,0.0
Syllable,zay,1.0,1.0,0.0,0.0,Zay'hana,1.0
Syllable,wik,1.0,1.0,0.0,0.0,Wik'Tar,1.0
Syllable,gix,1.0,1.0,0.0,0.0,Wardrummer Gix,1.0
Syllable,shnel,1.0,1.0,0.0,0.0,Shnel,1.0
Syllable,bwa,1.0,1.0,0.0,0.0,Warmother Boatema,0.0
Syllable,xao,1.0,1.0,0.0,0.0,Xao'tsu,1.0
Syllable,roi,1.0,1.0,0.0,0.0,Roitau,1.0
Syllable,pra,1.0,1.0,0.0,0.0,Cataloger Prazee,1.0
Syllable,mug,1.0,1.0,0.0,0.0,Mugjabu,1.0
Syllable,vej,1.0,1.0,0.0,0.0,Vejrek,1.0
Syllable,cor,1.0,1.0,0.0,0.0,Corcho,1.0
Syllable,mog,1.0,1.0,0.0,0.0,Mogh the Dead,1.0
Syllable,kyin,1.0,1.0,0.0,0.0,Kyunghee,1.0
Syllable,tun,3.0,1.0,1.0,1.0,Beast Handler Tunse;Butun the Boneripper;Tortunga,1.0
Syllable,gub,1.0,1.0,0.0,0.0,Gub,1.0
Syllable,toom,2.0,1.0,0.0,1.0,Ol' Toomba;Katoom the Angler,1.0
Syllable,gaa,2.0,1.0,0.0,1.0,Gahju;Krugah,1.0
Syllable,krul,1.0,1.0,0.0,0.0,Krul'tan,1.0
Syllable,chi,2.0,1.0,0.0,1.0,Chizus;Zan'chi,0.3814016
Syllable,nog,1.0,1.0,0.0,0.0,Corpse Monger Nog'shra,0.0
Syllable,cri,1.0,1.0,0.0,0.0,Crysa,0.0
Syllable,zug,1.0,1.0,0.0,0.0,Warmother Zug,0.0
Syllable,kru,1.0,1.0,0.0,0.0,Krugah,1.0
Syllable,chum,1.0,1.0,0.0,0.0,Chumbergo,0.3814016
Syllable,vo,2.0,1.0,0.0,1.0,Voriya;Elementalist Novo,0.3814016
Syllable,xur,1.0,1.0,0.0,0.0,Xur'gyl,1.0
Syllable,baj,1.0,1.0,0.0,0.0,Baj'ura,0.0
Syllable,chan,2.0,1.0,1.0,0.0,Chief Chan'Tika;Pechanga,0.0
Syllable,zem,1.0,1.0,0.0,0.0,Pirate-King Zem'lan,1.0
Syllable,bez,1.0,1.0,0.0,0.0,Explorer Bezzert,1.0
Syllable,gee,2.0,1.0,0.0,1.0,Gheera;Kyunghee,0.64908254
Syllable,fu,4.0,1.0,0.0,3.0,Hoodoo Master Fu'jin;Bonechillder Barafu;Witch Doctor Khufu;Kofu,0.64908254
Syllable,yen,1.0,1.0,0.0,0.0,Yenniku,1.0
Syllable,baz,2.0,1.0,0.0,1.0,Handler Bazkoji;Overseer Golbaz,1.0
Syllable,tex,1.0,1.0,0.0,0.0,Thex,1.0
Syllable,lui,1.0,1.0,0.0,0.0,Lui'Mala,0.0
Syllable,l,1.0,1.0,0.0,0.0,Beastlord L'kala,0.0
Syllable,xom,1.0,1.0,0.0,0.0,Xombo,1.0
Syllable,shaa,1.0,1.0,0.0,0.0,The Matron Shaazula,0.0
Syllable,rit,2.0,1.0,0.0,1.0,Rit'ko;Ske'rit,1.0
Syllable,zjol,1.0,1.0,0.0,0.0,Zjolnir,1.0
Syllable,yo,4.0,1.0,1.0,2.0,Yoru'cha;Tayo;Enyo;Doyo'da,0.3814016
Syllable,gree,1.0,1.0,0.0,0.0,Gree,1.0
Syllable,bree,1.0,1.0,0.0,0.0,Bree'jo,1.0
Syllable,grun,1.0,1.0,0.0,0.0,Grungo,1.0
Syllable,ske,1.0,1.0,0.0,0.0,Ske'rit,1.0
Syllable,moa,2.0,1.0,0.0,1.0,Moaja;Tak'moa,0.3814016
Syllable,nar,2.0,1.0,1.0,0.0,Vexmaster Nar'jo;Jinar'Zillen,1.0
Syllable,hab,1.0,1.0,0.0,0.0,Witch Doctor Habra'du,1.0
Syllable,kia,2.0,1.0,0.0,1.0,Qiaga the Keeper;Shadow Hunter Askia,0.0
Syllable,dug,1.0,1.0,0.0,0.0,Dug'fraz,1.0
Syllable,jax,1.0,1.0,0.0,0.0,Azerite Manipulator Jaxxas,0.0
Syllable,prig,1.0,1.0,0.0,0.0,Prigmon,1.0
Syllable,vae,1.0,1.0,0.0,0.0,Bloodslayer Vaena,0.0
Syllable,bag,2.0,1.0,1.0,0.0,Skumm Bag'go;Witch Doctor Unbagwa,1.0
Syllable,kish,1.0,1.0,0.0,0.0,Dinomancer Kish'o,0.0
Syllable,ul,1.0,1.0,0.0,0.0,Ulzann,1.0
Syllable,haw,1.0,1.0,0.0,0.0,Trader Haw'li,1.0
Syllable,ex,1.0,1.0,0.0,0.0,Exzhal,1.0
Syllable,vi,4.0,1.0,2.0,1.0,Vinaya;Sa'vi;Spiritwalker Kavi'je;Ravika,0.0
Syllable,min,2.0,1.0,1.0,0.0,Min'loth;Jamingo,1.0
Syllable,aat,1.0,1.0,0.0,0.0,Beastcaller Aht'lutal,1.0
Syllable,rav,1.0,1.0,0.0,0.0,Rav,1.0
Syllable,shim,2.0,1.0,0.0,1.0,Shim'la;Sian'Shim,0.3814016
Syllable,sian,1.0,1.0,0.0,0.0,Sian'Shim,1.0
Syllable,ez,1.0,1.0,0.0,0.0,Ez'trin,1.0
Syllable,vai,1.0,1.0,0.0,0.0,Exorcist Vaisha,0.0
Syllable,spar,1.0,1.0,0.0,0.0,Shadow Hunter Spar'kuhl,1.0
Syllable,aal,2.0,1.0,0.0,1.0,"Ahlswede the ""Mapmon"";Forgemaster Zak'aal",1.0
Syllable,nivek,1.0,1.0,0.0,0.0,Wingrider Nivek,1.0
Syllable,moj,1.0,1.0,0.0,0.0,Shadow Hunter Moj'jar,1.0
Syllable,kresh,1.0,1.0,0.0,0.0,Kresh the Ripper,1.0
Syllable,pat,1.0,1.0,0.0,0.0,Queen Patlaa,0.0
Syllable,vin,2.0,1.0,0.0,1.0,Vinchaxa;Ranvin,1.0
Syllable,gra,1.0,1.0,0.0,0.0,Grayal,1.0
Syllable,hun,1.0,1.0,0.0,0.0,Hun'ta,1.0
Syllable,nir,3.0,1.0,0.0,2.0,Captain Nir'zan;Grik'nir the Cold;Zjolnir,1.0
Syllable,men,1.0,1.0,0.0,0.0,Mengazi,1.0
Syllable,pro,1.0,1.0,0.0,0.0,Trader Pro'ditor,1.0
Syllable,zag,1.0,1.0,0.0,0.0,Zag'zil,1.0
Syllable,mam,2.0,1.0,1.0,0.0,Mambu;Samamba,0.3814016
Syllable,tresh,1.0,1.0,0.0,0.0,Warlord Thresh'jin,1.0
Syllable,skai,1.0,1.0,0.0,0.0,Pa'kura Skai,0.0
Syllable,tza,1.0,1.0,0.0,0.0,Witch Doctor Tza'dah,0.0
Syllable,nav,1.0,1.0,0.0,0.0,Nav'rae,0.0
Syllable,zang,1.0,1.0,0.0,0.0,Zang'do,1.0
Syllable,ter,1.0,1.0,0.0,0.0,Ter'lij,1.0
Syllable,kas,4.0,1.0,1.0,2.0,Scout Kas'cha;Mooncaller Mozo'kas;Nakk'rakas;Makasgar,0.3814016
Syllable,poz,1.0,1.0,0.0,0.0,Poz'ga the Butcher Queen,0.0
Syllable,gol,1.0,1.0,0.0,0.0,Overseer Golbaz,1.0
Syllable,mim,1.0,1.0,0.0,0.0,Mimbihi,0.0
Syllable,jem,1.0,1.0,0.0,0.0,Jemba the Radiant,0.0
Syllable,rip,1.0,1.0,0.0,0.0,Paku'ai Rip'nata,0.0
Syllable,ruk,1.0,1.0,0.0,0.0,Ruk'shan,1.0
Syllable,kraa,1.0,1.0,0.0,0.0,Krah'ranik,1.0
Syllable,hay,1.0,1.0,0.0,0.0,Haymon,1.0
Syllable,jet,1.0,1.0,0.0,0.0,Jet'ar,1.0
Syllable,gi,6.0,1.0,1.0,4.0,Gyran'zul;Muzingi;Ash'ergi;Iggy Darktusk;Zon'Wogi;Rangiro,1.0
Syllable,hulg,1.0,1.0,0.0,0.0,Hulg,1.0
Syllable,pin,1.0,1.0,0.0,0.0,Pin'jin the Patient,1.0
Syllable,tesh,1.0,1.0,0.0,0.0,Teshyambi,0.0
Syllable,tek,3.0,1.0,0.0,2.0,Spiritbinder Tec'uat;Ana'thek the Curel;Ana Bloodteeth,0.55219513
Syllable,roo,1.0,1.0,0.0,0.0,Rooma,0.0
Syllable,loz,1.0,1.0,0.0,0.0,Loz the Paku'ai,0.0
Syllable,shoe,1.0,1.0,0.0,0.0,Shoe,0.0
Syllable,ruj,1.0,1.0,0.0,0.0,Ruj'kah,0.0
Syllable,jar,2.0,1.0,0.0,1.0,Jarkal Mossmeld;Shadow Hunter Moj'jar,1.0
Syllable,ged,1.0,1.0,0.0,0.0,Ged'kah,1.0
Syllable,kau,1.0,1.0,0.0,0.0,Kaulema the Mover,1.0
Syllable,kar,3.0,1.0,0.0,2.0,Prophet Khar'zul;Corpse Bringer Yal'kar;Sha'kar,0.55219513
Syllable,ci,1.0,1.0,0.0,0.0,Ci'ji,0.0
Syllable,zaul,1.0,1.0,0.0,0.0,Zauljin,1.0
Syllable,kim,1.0,1.0,0.0,0.0,Kimbiza,0.0
Syllable,nim,1.0,1.0,0.0,0.0,Nimboya,1.0
Syllable,bwem,1.0,1.0,0.0,0.0,Bwemba,0.0
Syllable,buu,1.0,1.0,0.0,0.0,Buunu,1.0
Syllable,mat,1.0,1.0,0.0,0.0,Beastcaller Mat'talor,1.0
Syllable,jud,1.0,1.0,0.0,0.0,Judno,1.0
Syllable,kee,2.0,1.0,0.0,1.0,Qeeju;Captain Paikee,1.0
Syllable,mok,1.0,1.0,0.0,0.0,Shadow Hunter Mok'e,1.0
Syllable,zek,1.0,1.0,0.0,0.0,Zekkis,1.0
Syllable,xor,1.0,1.0,0.0,0.0,Xor'juul,1.0
Syllable,son,3.0,1.0,0.0,2.0,Bladeguard Sonji;Aronson the Vile;Taxson,0.55219513
Syllable,vuz,1.0,1.0,0.0,0.0,Vuz'din,1.0
Syllable,be,6.0,1.0,1.0,4.0,Bezime;Spearcrafter Otembe;Zuteebe;Shadow Hunter Ukambe;Zor'be the Bloodletter;Kutube'sa,1.0
Syllable,grez,1.0,1.0,0.0,0.0,Caprain Grez'ko,1.0
Syllable,in,4.0,1.0,1.0,2.0,Indalamar;Col'in;Witch Doctor Qu'in;Witch Doctor Oinga,0.3814016
Syllable,hoz,1.0,1.0,0.0,0.0,Bladeguard Hozzul,1.0
Syllable,xar,1.0,1.0,0.0,0.0,Xar'Ti,0.0
Syllable,nis,3.0,1.0,0.0,2.0,Nisstina;Kontokanis;Yeniss,0.55219513
Syllable,reo,1.0,1.0,0.0,0.0,Reo'kah,1.0
Syllable,gri,1.0,1.0,0.0,0.0,Gri'lek,1.0
Syllable,rea,1.0,1.0,0.0,0.0,Reavij,1.0
Syllable,bak,1.0,1.0,0.0,0.0,Bakkalzu,1.0
Syllable,zov,1.0,1.0,0.0,0.0,Beasttamer Zov'jin,0.0
Syllable,van,2.0,1.0,0.0,1.0,Warmother Van'ji;Cre'van,0.3814016
Syllable,el,1.0,1.0,0.0,0.0,Elfyra,0.0
Syllable,kash,2.0,1.0,0.0,1.0,Pa'kura Kash'jani;Ambassador Nikash,1.0
Syllable,raj,1.0,1.0,0.0,0.0,Raj'ku,1.0
Syllable,may,2.0,1.0,1.0,0.0,Maywiki;Watcher Char'mayne,0.0
Syllable,rei,2.0,1.0,0.0,1.0,Reiyon;D'rei,1.0
Syllable,zak,4.0,1.0,0.0,3.0,Forgemaster Zak'aal;jin'zakk;Crazzak the Heretic;Veyzhak the Cannibal,1.0
Syllable,besh,1.0,1.0,0.0,0.0,Besh'iah,0.0
Syllable,sor,2.0,1.0,0.0,1.0,Sortura;Arin'sor,0.3814016
Syllable,moo,1.0,1.0,0.0,0.0,Moorabi,1.0
Syllable,rash,2.0,1.0,0.0,1.0,Priovisioner Rashma;Gal'darash,0.3814016
Syllable,graz,1.0,1.0,0.0,0.0,Chronicler Grazzul,1.0
Syllable,jok,1.0,1.0,0.0,0.0,Joknon,1.0
Syllable,yel,1.0,1.0,0.0,0.0,Yelhem,0.0
Syllable,loa,3.0,1.0,0.0,2.0,Loanati;Shadow Hunter Ju'loa;Shadow Hunter Maloa,0.55219513
Syllable,ik,2.0,1.0,0.0,1.0,Speaker Ik'nal;Hidetrader Jun'ik,0.3814016
Syllable,zend,1.0,1.0,0.0,0.0,Zend'li Venomtusk,1.0
Syllable,sir,1.0,1.0,0.0,0.0,Sirka Duskfisher,0.0
Syllable,bwu,1.0,1.0,0.0,0.0,Shadow Hunter Bwu'ja,0.0
Syllable,zum,1.0,1.0,0.0,0.0,Witch Doctor Zum'rah,1.0
Syllable,uu,1.0,1.0,0.0,0.0,Uh'gali,0.0
Syllable,vey,1.0,1.0,0.0,0.0,Veyzhak the Cannibal,1.0
Syllable,wun,1.0,1.0,0.0,0.0,Blind Wunja,0.0
Syllable,treg,1.0,1.0,0.0,0.0,Tregla,1.0
Syllable,gom,2.0,1.0,0.0,1.0,Gombana;Ogom the Wretched,0.3814016
Syllable,bas,1.0,1.0,0.0,0.0,Hexmaster Bastoon,1.0
Syllable,sij,1.0,1.0,0.0,0.0,Loa Speaker Sij'ta,1.0
Syllable,ig,1.0,1.0,0.0,0.0,Iggy Darktusk,1.0
Syllable,ptin,1.0,1.0,0.0,0.0,Ptin'go,1.0
Syllable,rae,2.0,1.0,0.0,1.0,Raenah;Nav'rae,0.0
Syllable,yar,1.0,1.0,0.0,0.0,Yarsel'ghun,0.0
Syllable,char,1.0,1.0,0.0,0.0,Watcher Char'mayne,0.0
Syllable,krag,1.0,1.0,0.0,0.0,Krag'jin,1.0
Syllable,ib,1.0,1.0,0.0,0.0,Root-Hexxer Ib'aka,0.0
Syllable,tas,1.0,1.0,0.0,0.0,Taszae,0.0
Syllable,col,1.0,1.0,0.0,0.0,Col'in,1.0
Syllable,vea,1.0,1.0,0.0,0.0,Beastmaster Veayeka,0.0
Syllable,koa,2.0,1.0,0.0,1.0,Koari;Soothsayer Mirim'koa,0.0
Syllable,gam,2.0,1.0,0.0,1.0,Gambarinka;Zungam,1.0
Syllable,lu,19.0,1.0,6.0,12.0,Lu'ka de Wall;Blood Witch Yialu;Ruuzlu;Deathwhisperer Kulu;Weaponmaster Halu;Wavesinger Nalu;Conqueror Salu;Vulnullu;Scalper Bazuulu;Den'chulu;Ilalu;Venomancer T'Kulu;Zulu de Voice;Beastcaller Aht'lutal;Captain Halu'kal;Vessel Iluna;Talutu;Zaluto;Zaluzibo,0.5718949
Syllable,wis,1.0,1.0,0.0,0.0,Wysko,0.0
Syllable,lun,3.0,1.0,1.0,1.0,Lunzul;Jin'alun;Priestess Alun'za,0.0
Syllable,vok,1.0,1.0,0.0,0.0,Vok'fon,1.0
Syllable,ros,1.0,1.0,0.0,0.0,Champion Ros'slai,1.0
Syllable,trak,2.0,1.0,0.0,1.0,Trak Tuskbender;Thal'trak Proudtusk,0.3814016
Syllable,gash,3.0,1.0,0.0,2.0,Gash'nak the Cannibal;Kel'gash the Wicked;Witch Doctor Tor'gash,1.0
Syllable,draz,1.0,1.0,0.0,0.0,Stormbringer Draz'kil,1.0
Syllable,sko,1.0,1.0,0.0,0.0,Skodu,1.0
Syllable,hae,1.0,1.0,0.0,0.0,Hae'wilani,0.0
Syllable,brad,1.0,1.0,0.0,0.0,Braddok,1.0
Syllable,shan,3.0,1.0,0.0,2.0,Loa Speaker Shan'kan;Jen'shan;Ruk'shan,0.55219513
Syllable,fal,2.0,1.0,0.0,1.0,Falthir the Sightless;Nofal,0.3814016
Syllable,mak,3.0,1.0,0.0,2.0,Mak'jin;Ju'mak;Zel'mak,1.0
Syllable,zae,3.0,1.0,0.0,2.0,Zaelatha;Wild Kranzae;Taszae,0.0
Syllable,huk,1.0,1.0,0.0,0.0,Huk,1.0
Syllable,sver,1.0,1.0,0.0,0.0,Sverre,1.0
Syllable,zia,1.0,1.0,0.0,0.0,Ziaeja,0.0
Syllable,snee,1.0,1.0,0.0,0.0,Snee,1.0
Syllable,pi,2.0,1.0,0.0,1.0,Pikake;Elementalist Zapi,0.3814016
Syllable,ant,1.0,1.0,0.0,0.0,Venomancer Ant'su,1.0
Syllable,jon,2.0,1.0,0.0,1.0,Ol' Jonda;Than'jon,1.0
Syllable,po,2.0,1.0,0.0,1.0,Poki;Ogopo,0.3814016
Syllable,win,1.0,1.0,0.0,0.0,Win'sa,0.0
Syllable,kaa,6.0,1.0,0.0,5.0,Kahti;War-God Dokah;Arcanital Mara'kah;Reo'kah;Ged'kah;Ruj'kah,0.55219513
Syllable,rua,1.0,1.0,0.0,0.0,Ruala the Spotter,0.0
Syllable,dras,1.0,1.0,0.0,0.0,Draska,1.0
Syllable,tar,6.0,1.0,0.0,5.0,Bladeguard Tarkaj;Paku'ai Jetar;Grenthar;General Vol'tar;Wik'Tar;Mojo Doctor Zin'tar,1.0
Syllable,kaj,2.0,1.0,0.0,1.0,Prelate Kaj'ra;Bladeguard Tarkaj,0.3814016
Syllable,marn,1.0,1.0,0.0,0.0,Handler Marnlek,1.0
Syllable,sheej,1.0,1.0,0.0,0.0,Wardrummer Sheej,1.0
Syllable,gron,1.0,1.0,0.0,0.0,Gronda Feathercrush,0.3814016
Syllable,dei,1.0,1.0,0.0,0.0,Deino,0.0
Syllable,nak,3.0,1.0,1.0,1.0,Nakk'rakas;Gash'nak the Cannibal;Vilnak'dor,1.0
Syllable,dat,1.0,1.0,0.0,0.0,Dat'xus,1.0
Syllable,bee,2.0,1.0,1.0,0.0,Beeyuh;Old Umbehto,0.3814016
Syllable,raal,1.0,1.0,0.0,0.0,Hexlord Raal,1.0
Syllable,nez,1.0,1.0,0.0,0.0,Nezzliok the Dire,1.0
Syllable,kol,1.0,1.0,0.0,0.0,Spearmon Kol,1.0
Syllable,tul,6.0,1.0,0.0,5.0,"Tul'jun the Dreamer;Rak'tul, Vessel of Souls;Vex'tul;Han'thul;Shenthul;Zorak'tul",0.7550694
Syllable,bim,2.0,1.0,0.0,1.0,Bim'ini;Al'tabim the All-Seeing,0.3814016
Syllable,dur,2.0,1.0,0.0,1.0,Windseeker Durja;Sian'dur,0.3814016
Syllable,kuz,2.0,1.0,0.0,1.0,Kuz'vun;Blood Guard Hakkuz,1.0
Syllable,tae,2.0,1.0,0.0,1.0,Tae'loxe Soulshrivel;Granda Watae,0.3814016
Syllable,niv,1.0,1.0,0.0,0.0,Atal'Jani Niv'ek,1.0
Syllable,gun,2.0,1.0,0.0,1.0,Skullcrusher Gundu;Yarsel'ghun,0.3814016
Syllable,kril,1.0,1.0,0.0,0.0,Kril'fon,1.0
Syllable,jash,2.0,1.0,1.0,0.0,Totem Maker Jash'ga;Va'jashni,0.3814016
Syllable,len,2.0,1.0,0.0,1.0,Len'te the Bitter;Jinar'Zillen,0.3814016
Syllable,jaz,1.0,1.0,0.0,0.0,Jaz,0.0
Syllable,jub,1.0,1.0,0.0,0.0,Jub'waz,0.0
Syllable,lok,3.0,1.0,0.0,2.0,Lok the Rock;High Priestess Arlokk;Nailok,0.55219513
Syllable,jak,1.0,1.0,0.0,0.0,General Jakra'zet,1.0
Syllable,cal,1.0,1.0,0.0,0.0,Bugcatcher Cal'yoon,1.0
Syllable,rek,5.0,1.0,0.0,4.0,Rek'gar;Vejrek;Deathspeaker Malo'rek;Motrek;Vaz'rek,1.0
Syllable,lau,1.0,1.0,0.0,0.0,Lau'Tiki,1.0
Syllable,zild,1.0,1.0,0.0,0.0,Zild'jian,1.0
Syllable,lee,2.0,1.0,0.0,1.0,Headhunter Leeza;Mar'Lee,0.3814016
Syllable,gil,2.0,1.0,0.0,1.0,Stalker Gilta;Xur'gyl,0.3814016
Syllable,pai,1.0,1.0,0.0,0.0,Captain Paikee,1.0
Syllable,wan,2.0,0.0,1.0,1.0,Shadow Hunter J'wan;Witch Doctor T'wansi,1.0
Syllable,chul,1.0,0.0,1.0,0.0,Michul'mon,1.0
Syllable,ten,1.0,0.0,1.0,0.0,Zen'tenbi,0.0
Syllable,bar,1.0,0.0,0.0,1.0,Zabar,1.0
Syllable,nay,1.0,0.0,0.0,1.0,Uthel'nay,1.0
Syllable,kuul,1.0,0.0,0.0,1.0,Shadow Hunter Spar'kuhl,1.0
Syllable,xas,1.0,0.0,0.0,1.0,Azerite Manipulator Jaxxas,0.0
Syllable,ika,1.0,0.0,0.0,1.0,Chin'ika,0.0
Syllable,we,1.0,0.0,0.0,1.0,Watcher Tolwe,1.0
Syllable,shun,1.0,0.0,1.0,0.0,Teshunji,1.0
Syllable,fae,1.0,0.0,0.0,1.0,Rafae,1.0
Syllable,ok,1.0,0.0,0.0,1.0,Nezzliok the Dire,1.0
Syllable,tri,1.0,0.0,0.0,1.0,Jes'tri,1.0
Syllable,wei,1.0,0.0,0.0,1.0,Witchdoctor Zuwei,0.0
Syllable,rok,2.0,0.0,0.0,2.0,Retherokk the Berserker;Jin'rokh,1.0
Syllable,mon,15.0,0.0,1.0,14.0,Windweaver Akil'amon;Wavesinger Amon;Hula'mon;Kaymon;Ki'mon;Michul'mon;An'timon;Ajamon Ghostcaller;Haymon;Jes'rimon;Mojo Shaper Ojo'mon;Prigmon;Ya'mon;Zul'armon;Zumonga,0.89617735
Syllable,yuu,1.0,0.0,0.0,1.0,Beeyuh,0.0
Syllable,lai,2.0,0.0,0.0,2.0,Ku'lai the Skyclaw;Zen'Balai,0.3814016
Syllable,di,9.0,0.0,4.0,5.0,Moz'di;Jandi;Seer Janidi;Jojindi;Historian Ma'di;Trader Pro'ditor;Jin'diza;Maz'dinah;Mojodishu,0.14977507
Syllable,par,1.0,0.0,0.0,1.0,Engineer Pa'Par,0.0
Syllable,ee,1.0,0.0,1.0,0.0,J'eebi,0.0
Syllable,bam,1.0,0.0,1.0,0.0,Wind Rider Sabamba,0.0
Syllable,sie,1.0,0.0,0.0,1.0,Rosie the Hitmon,0.0
Syllable,zex,1.0,0.0,0.0,1.0,Blood Witch Cazex,0.0
Syllable,eek,1.0,0.0,0.0,1.0,Er'eek,1.0
Syllable,kree,2.0,0.0,0.0,2.0,Melikree;Shadow Hunter Mezil-kree,0.3814016
Syllable,non,2.0,0.0,0.0,2.0,Joknon;Zan'non,1.0
Syllable,ad,1.0,0.0,0.0,1.0,Don'ad,1.0
Syllable,lon,1.0,0.0,1.0,0.0,Ongo'longo,1.0
Syllable,nes,1.0,0.0,1.0,0.0,Paku'ai Janessa,0.0
Syllable,ling,1.0,0.0,0.0,1.0,Rinling,1.0
Syllable,nil,1.0,0.0,0.0,1.0,Gawanil,1.0
Syllable,lot,1.0,0.0,0.0,1.0,Min'loth,1.0
Syllable,las,2.0,0.0,2.0,0.0,Alascene;Zelazstro,0.3814016
Syllable,xel,1.0,0.0,0.0,1.0,Khar'vaxal the Cracked,1.0
Syllable,"flit,ma",1.0,0.0,0.0,1.0,Historian Jum'Flitmo,1.0
Syllable,kii,1.0,0.0,0.0,1.0,Zikii,0.0
Syllable,ia,1.0,0.0,0.0,1.0,Kal'ia Pa'kuaya,0.0
Syllable,kam,1.0,0.0,1.0,0.0,Shadow Hunter Ukambe,1.0
Syllable,lay,2.0,0.0,0.0,2.0,Kin'weelay;Officer Vu'Shalay,1.0
Syllable,bal,1.0,0.0,0.0,1.0,Chabal,1.0
Syllable,tro,1.0,0.0,0.0,1.0,Zelazstro,1.0
Syllable,bay,1.0,0.0,0.0,1.0,Bom'bay,1.0
Syllable,flin,1.0,0.0,0.0,1.0,Lin'flin Fowlhunter,0.3814016
Syllable,lek,7.0,0.0,0.0,7.0,Rezrelek;Caz'lek the Sleetbringer;Gri'lek;Hazlek;Handler Marnlek;Mor'Lek the Dismantler;Ula'elek,1.0
Syllable,jia,3.0,0.0,0.0,3.0,Basher Nujia;Tusajia;Ujia,0.0
Syllable,kei,1.0,0.0,1.0,0.0,Batrider Pele'keiki,1.0
Syllable,wat,1.0,0.0,1.0,0.0,High Priestess Hai'watna,0.0
Syllable,ark,1.0,0.0,0.0,1.0,Forward Commander To'arch,1.0
Syllable,gus,1.0,0.0,0.0,1.0,Jo'gus,1.0
Syllable,tris,1.0,0.0,0.0,1.0,Shadow Hunter Vol'tris,1.0
Syllable,sel,1.0,0.0,1.0,0.0,Yarsel'ghun,0.0
Syllable,chil,1.0,0.0,0.0,1.0,Rah'chil,0.0
Syllable,,1.0,0.0,0.0,1.0,Ripa the Wind Ripper,1.0
Syllable,nia,1.0,0.0,0.0,1.0,Mojo Mistress Zurania,0.0
Syllable,tam,1.0,0.0,1.0,0.0,Batamsi,0.0
Syllable,xe,1.0,0.0,0.0,1.0,Tae'loxe Soulshrivel,1.0
Syllable,yus,1.0,0.0,0.0,1.0,Zayus,1.0
Syllable,juk,1.0,0.0,1.0,0.0,Hajukka,1.0
Syllable,bul,2.0,0.0,1.0,1.0,Jabul;Jamil Abul'housin,1.0
Syllable,yoon,1.0,0.0,0.0,1.0,Bugcatcher Cal'yoon,1.0
Syllable,tin,3.0,0.0,0.0,3.0,Gora'tin;Kana'tin;Kortin,1.0
Syllable,law,1.0,0.0,1.0,0.0,Happy Holaua,0.0
Syllable,rat,1.0,0.0,0.0,1.0,High Warlord Volrath,1.0
Syllable,gli,1.0,0.0,0.0,1.0,Warmother Ogli,0.0
Syllable,lae,1.0,0.0,0.0,1.0,Aneka Melae,0.0
Syllable,tiki,1.0,0.0,0.0,1.0,Jin'Tiki,1.0
Syllable,vees,1.0,0.0,0.0,1.0,Helmsman Da'vees,1.0
Syllable,lil,1.0,0.0,0.0,1.0,High Priestess Jeklik,0.0
Syllable,rik,1.0,0.0,1.0,0.0,Orik'ando,1.0
Syllable,zer,2.0,0.0,2.0,0.0,Fazerra;Witch Doctor Uzer'i,0.3814016
Syllable,nik,1.0,0.0,0.0,1.0,Krah'ranik,1.0
Syllable,kun,3.0,0.0,1.0,2.0,Gozda'kun;Captain Rez'okun;Hexweaver Jakunda,0.55219513
Syllable,kyo,1.0,0.0,0.0,1.0,Ur'kyo,1.0
Syllable,ziz,1.0,0.0,0.0,1.0,Shadowpriest Sezz'ziz,1.0
Syllable,kaan,1.0,0.0,1.0,0.0,Makaanji,0.0
Syllable,bui,1.0,0.0,0.0,1.0,Loa Speaker Tobui,1.0
Syllable,chuk,1.0,0.0,1.0,0.0,War-God Al'chukla,1.0
Syllable,zik,1.0,0.0,0.0,1.0,Va'zik,1.0
Syllable,az,1.0,0.0,0.0,1.0,Renn'az,1.0
Syllable,yin,1.0,0.0,0.0,1.0,Sus'vayin,1.0
Syllable,uf,1.0,0.0,0.0,1.0,Atal'jani Ack'uff,0.0
Syllable,muk,1.0,0.0,0.0,1.0,God-Hulk Ramuk,1.0
Syllable,nii,1.0,0.0,0.0,1.0,Jah'nii,0.0
Syllable,dae,1.0,0.0,0.0,1.0,Caretaker Padae,1.0
Syllable,nan,2.0,0.0,2.0,0.0,Junanji;Vunanju,1.0
Syllable,zij,1.0,0.0,0.0,1.0,Tracker Val'zij,1.0
Syllable,rii,2.0,0.0,0.0,2.0,Jorii;Sa'rii,0.0
Syllable,dom,1.0,0.0,0.0,1.0,Captive Ta'dom,1.0
Syllable,hem,1.0,0.0,0.0,1.0,Yelhem,0.0
Syllable,mee,2.0,0.0,1.0,1.0,Sameh;Ameenah,0.3814016
Syllable,tem,1.0,0.0,1.0,0.0,Spearcrafter Otembe,1.0
Syllable,korz,1.0,0.0,0.0,1.0,Chief Ukorz Sandscalp,1.0
Syllable,nun,1.0,0.0,0.0,1.0,Jornun,1.0
Syllable,luz,1.0,0.0,0.0,1.0,Suluz Wind-Tamer,0.0
Syllable,xa,4.0,0.0,0.0,4.0,Elder Leaxa;Vinchaxa;Ahaxxa;Yillixa,0.3814016
Syllable,fon,3.0,0.0,0.0,3.0,Kril'fon;Geffon the Unruly;Vok'fon,1.0
Syllable,uat,1.0,0.0,0.0,1.0,Spiritbinder Tec'uat,1.0
Syllable,naa,5.0,0.0,1.0,4.0,Ameenah;Mojo Mender Ja'nah;Maz'dinah;Raenah;Weaver Anaasha,0.0
Syllable,ao,1.0,0.0,1.0,0.0,Miao'zan,1.0
Syllable,yam,1.0,0.0,1.0,0.0,Teshyambi,0.0
Syllable,lux,1.0,0.0,0.0,1.0,Malux,1.0
Syllable,lii,1.0,0.0,1.0,0.0,Kalyimah Stormcloud,1.0
Syllable,chus,1.0,0.0,0.0,1.0,Wardruid Ko'chus,1.0
Syllable,luk,1.0,0.0,0.0,1.0,Waz'luk,1.0
Syllable,stri,1.0,0.0,0.0,1.0,Je'stry,1.0
Syllable,fer,1.0,0.0,0.0,1.0,Ofer the Silkmender,1.0
Syllable,maw,1.0,0.0,1.0,0.0,Lah'Mawhani,0.0
Syllable,naw,1.0,0.0,1.0,0.0,Madam Konawla,0.0
Syllable,laa,5.0,0.0,0.0,5.0,Jin'Zallah the Sandbringer;Queen Patlaa;Gan'zulah;Zy'lah Manslayer;Senior Sergeant T'kelah,0.2913021
Syllable,zus,1.0,0.0,0.0,1.0,Chizus,0.0
Syllable,tiib,1.0,0.0,0.0,1.0,Sa'tiib,1.0
Syllable,zoa,1.0,0.0,0.0,1.0,Kazoa,1.0
Syllable,dyn,1.0,0.0,0.0,1.0,Wodyn,1.0
Syllable,lum,1.0,0.0,0.0,1.0,High Priest Orglum,1.0
Syllable,riz,1.0,0.0,0.0,1.0,Mor'riz,1.0
Syllable,duk,1.0,0.0,0.0,1.0,Shadow Hunter Zel'duk,1.0
Syllable,jim,2.0,0.0,1.0,1.0,Gin'jim;Mo'jimba,0.3814016
Syllable,guul,1.0,0.0,0.0,1.0,Drak'aguul,1.0
Syllable,jib,1.0,0.0,0.0,1.0,Se'Jib,1.0
Syllable,skar,1.0,0.0,0.0,1.0,Earthcaller Torunscar,1.0
Syllable,yem,1.0,0.0,1.0,0.0,Tayemba,1.0
Syllable,del,1.0,0.0,1.0,0.0,Zandelvari,1.0
Syllable,gya,1.0,0.0,0.0,1.0,Morta'gya the Keeper,0.0
Syllable,nen,1.0,0.0,1.0,0.0,Trader Munengo,1.0
Syllable,tee,2.0,0.0,2.0,0.0,Grand Ma'da Ateena;Zuteebe,0.3814016
Syllable,tet,1.0,0.0,0.0,1.0,Nortet,1.0
Syllable,sami,1.0,0.0,0.0,1.0,Ardsami,0.0
Syllable,mont,1.0,0.0,0.0,1.0,Spearguard Du'mont,1.0
Syllable,toon,1.0,0.0,0.0,1.0,Hexmaster Bastoon,1.0
Syllable,fraz,1.0,0.0,0.0,1.0,Dug'fraz,1.0
Syllable,wi,7.0,0.0,5.0,2.0,Water Mal'wi;Uma'wi;B'wizati;Maywiki;Ra'wiri;Hae'wilani;Yuwija,0.09318407
Syllable,ril,2.0,0.0,1.0,1.0,Kil'karil;Zerillis,1.0
Syllable,sosh,1.0,0.0,0.0,1.0,Conqueror Or'sosh,0.0
Syllable,ley,2.0,0.0,0.0,2.0,Beast Handler Kooley;Zelley,0.3814016
Syllable,tea,2.0,0.0,1.0,1.0,Raitea;Banteazo,0.0
Syllable,dran,2.0,0.0,1.0,1.0,Kal'dran;Gan'dranda,1.0
Syllable,tika,1.0,0.0,0.0,1.0,Chief Chan'Tika,0.0
Syllable,rent,1.0,0.0,0.0,1.0,Lorenth Thundercall,1.0
Syllable,lij,1.0,0.0,0.0,1.0,Ter'lij,1.0
Syllable,zert,1.0,0.0,0.0,1.0,Explorer Bezzert,1.0
Syllable,via,1.0,0.0,0.0,1.0,O'livia,0.0
Syllable,geen,1.0,0.0,0.0,1.0,Zeh'gehn,1.0
Syllable,fi,2.0,0.0,1.0,1.0,Fa'tafi;Elfyra,0.0
Syllable,zuu,1.0,0.0,1.0,0.0,Scalper Bazuulu,1.0
Syllable,hii,1.0,0.0,0.0,1.0,Mai'Lahii,0.0
Syllable,kit,2.0,0.0,0.0,2.0,Milliner Hakkit;Prelate Jakit,0.3814016
Syllable,tis,2.0,0.0,0.0,2.0,Mithrethis the Enchanter;Scout Neftis,0.3814016
Syllable,vij,1.0,0.0,0.0,1.0,Reavij,1.0
Syllable,xo,1.0,0.0,0.0,1.0,Moxo the Beheader,1.0
Syllable,vek,1.0,0.0,0.0,1.0,Mor'vek,1.0
Syllable,wana,1.0,0.0,0.0,1.0,Ha'wana,0.0
Syllable,uz,1.0,0.0,1.0,0.0,Ruuzlu,1.0
Syllable,lat,2.0,0.0,1.0,1.0,Spiritbinder Cha'lat;Zulathra,1.0
Syllable,tao,1.0,0.0,0.0,1.0,Guard Satao,1.0
Syllable,nae,2.0,0.0,0.0,2.0,Scalper Ahunae;Ra'wani Kanae,0.3814016
Syllable,xus,1.0,0.0,0.0,1.0,Dat'xus,1.0
Syllable,kras,1.0,0.0,0.0,1.0,Hex Lord Malacrass,1.0
Syllable,nuu,1.0,0.0,0.0,1.0,Ki'agnuu,1.0
Syllable,chek,4.0,0.0,0.0,4.0,Spiritbinder Pa'chek;Spiritbinder Tu'check;Arcanital Tula'chek;Uchek,1.0
Syllable,jas,1.0,0.0,1.0,0.0,Shadow Hunter Kajassa,0.0
Syllable,arn,1.0,0.0,0.0,1.0,Searn Firewarder,1.0
Syllable,sad,1.0,0.0,0.0,1.0,E'sad,1.0
Syllable,nal,3.0,0.0,1.0,2.0,Speaker Ik'nal;Master Vornal;Munalti,0.55219513
Syllable,juul,1.0,0.0,0.0,1.0,Xor'juul,1.0
Syllable,kaal,1.0,0.0,0.0,1.0,Vol'kaal,1.0
Syllable,wee,2.0,0.0,1.0,1.0,Kilweh;Kin'weelay,1.0
Syllable,rim,1.0,0.0,1.0,0.0,Soothsayer Mirim'koa,0.0
Syllable,chun,1.0,0.0,1.0,0.0,Jo'chunga,1.0
Syllable,kart,1.0,0.0,0.0,1.0,Erkhart Stormvein,1.0
Syllable,oa,1.0,0.0,0.0,1.0,M'oa,1.0
Syllable,kwa,1.0,0.0,0.0,1.0,Jek'kwa,1.0
Syllable,bor,1.0,0.0,0.0,1.0,Wind Master To'bor,1.0
Syllable,gai,1.0,0.0,0.0,1.0,Sagai,1.0
Syllable,yon,1.0,0.0,0.0,1.0,Reiyon,1.0
Syllable,nul,1.0,0.0,1.0,0.0,Vulnullu,0.0
Syllable,trin,1.0,0.0,0.0,1.0,Ez'trin,1.0
Syllable,bek,1.0,0.0,0.0,1.0,Keeper Xibek,1.0
Syllable,wem,1.0,0.0,1.0,0.0,Sawemba,0.0
Syllable,swe,1.0,0.0,1.0,0.0,"Ahlswede the ""Mapmon""",1.0
Syllable,hala,1.0,0.0,0.0,1.0,Kil'hala,1.0
Syllable,trik,1.0,0.0,0.0,1.0,Zoltrik Bdrakebane,1.0
Syllable,dal,1.0,0.0,0.0,1.0,Keren'dal,1.0
Syllable,ree,2.0,0.0,0.0,2.0,Saree;Yuree,0.3814016
Syllable,toj,1.0,0.0,0.0,1.0,Natoj,1.0
Syllable,jik,1.0,0.0,0.0,1.0,Zul'ajik,1.0
Syllable,tish,1.0,0.0,0.0,1.0,Xan'tish,1.0
Syllable,doo,1.0,0.0,1.0,0.0,Dadooma,1.0
Syllable,dum,2.0,0.0,1.0,1.0,Mojo Master Zandum;Priestress Udum'bra,0.3814016
Syllable,zaan,1.0,0.0,0.0,1.0,Kul'razahn,1.0
Syllable,jai,3.0,0.0,0.0,3.0,Zujai;Shadow Hunter Denjai;Ken'jai,0.55219513
Syllable,tsu,2.0,0.0,0.0,2.0,Sian'tsu;Xao'tsu,0.3814016
Syllable,vik,1.0,0.0,1.0,0.0,Tavikko,1.0
Syllable,is,1.0,0.0,1.0,0.0,Zul'iste,1.0
Syllable,urt,1.0,0.0,0.0,1.0,Ka'urt,1.0
Syllable,kos,1.0,0.0,0.0,1.0,Hunter A'kos,0.0
Syllable,bun,2.0,0.0,2.0,0.0,Hexxer Ubungo;Ubunti the Shade,1.0
Syllable,kot,1.0,0.0,0.0,1.0,Secott the Goldsmith,1.0
Syllable,ag,1.0,0.0,1.0,0.0,Ki'agnuu,1.0
Syllable,nees,1.0,0.0,0.0,1.0,Ca'nees,1.0
Syllable,bra,1.0,0.0,0.0,1.0,Priestress Udum'bra,0.0
Syllable,shra,1.0,0.0,0.0,1.0,Corpse Monger Nog'shra,0.0
Syllable,tat,1.0,0.0,0.0,1.0,Zul'that Steeltusk,0.0
Syllable,ger,1.0,0.0,0.0,1.0,Berger the Steadfast,1.0
Syllable,kir,1.0,0.0,0.0,1.0,Bloodlord Mandokir,1.0
Syllable,xir,1.0,0.0,0.0,1.0,Trayexir,1.0
Syllable,def,1.0,0.0,0.0,1.0,Moz'def,1.0
Syllable,kae,1.0,0.0,1.0,0.0,Shakaeja,0.0
Syllable,kwug,1.0,0.0,0.0,1.0,Hexxer Nana'kwug,0.0
Syllable,bin,2.0,0.0,0.0,2.0,Zilzibin;Kuray'bin,1.0
Syllable,pre,1.0,0.0,0.0,1.0,Du'pre,1.0
Syllable,os,1.0,0.0,0.0,1.0,Watcher M'barios,1.0
Syllable,dok,1.0,0.0,0.0,1.0,Braddok,1.0
Syllable,vash,1.0,0.0,0.0,1.0,Rovash the One Eyed,1.0
Syllable,bla,1.0,0.0,1.0,0.0,Razal'blade,1.0
Syllable,tiri,1.0,0.0,0.0,1.0,Ku'tiri the Claw,0.0
Syllable,dor,1.0,0.0,0.0,1.0,Vilnak'dor,1.0
Syllable,tum,2.0,0.0,1.0,1.0,Gottum;Shadow Hunter Mutumba,0.3814016
Syllable,run,3.0,0.0,2.0,1.0,Val'run;Torundo the Grizzled;Earthcaller Torunscar,0.7550694
Syllable,zet,1.0,0.0,0.0,1.0,General Jakra'zet,1.0
Syllable,rax,1.0,0.0,0.0,1.0,Zabrax,1.0
Syllable,chee,1.0,0.0,0.0,1.0,Ra'chee,1.0
Syllable,ves,1.0,0.0,0.0,1.0,Juvess the Duskwhisperer,0.0
Syllable,mash,1.0,0.0,0.0,1.0,Jumash,1.0
Syllable,lis,1.0,0.0,0.0,1.0,Zerillis,1.0
Syllable,fur,1.0,0.0,0.0,1.0,Jinifur,0.0
Syllable,tia,1.0,0.0,0.0,1.0,Frostcaller Sin'tia,0.0
Syllable,xis,1.0,0.0,0.0,1.0,High Priest Venoxis,1.0
Syllable,soa,1.0,0.0,0.0,1.0,Zansoa,1.0
Syllable,fus,1.0,0.0,0.0,1.0,Chef Toofus,1.0
Syllable,neu,1.0,0.0,0.0,1.0,Je'neu Sancrea,1.0
Syllable,jit,1.0,0.0,0.0,1.0,Marajit,1.0
Syllable,nea,1.0,0.0,0.0,1.0,Loa Speaker Nanea,0.0
Syllable,lak,5.0,0.0,0.0,5.0,Warleader Krazzilak;Frost King Malakk;War-God Jalak;Talak;Jin'lak Nightfang,0.7115022
Syllable,wey,1.0,0.0,0.0,1.0,Raptari Galo'wey,1.0
Syllable,shal,2.0,0.0,0.0,2.0,Huro'shal;Portalkeeper Jin'tashal,0.3814016
Syllable,ek,2.0,0.0,0.0,2.0,Atal'Jani Niv'ek;Forstcaller Julh'ek,1.0
Syllable,drin,1.0,0.0,0.0,1.0,Master Gadrin,1.0
Syllable,guk,2.0,0.0,0.0,2.0,Hexxer Zas'guk;Vol'guk,0.3814016
Syllable,zoo,1.0,0.0,1.0,0.0,Ja'zoona,0.0
Syllable,tab,1.0,0.0,1.0,0.0,Zen'tabra,0.0
Syllable,kis,1.0,0.0,0.0,1.0,Zekkis,1.0
Syllable,slai,1.0,0.0,0.0,1.0,Champion Ros'slai,1.0
Syllable,ram,1.0,0.0,0.0,1.0,Kilram,1.0
Syllable,dan,2.0,0.0,2.0,0.0,Bo'danda;Mojo Masher Ven'dango,1.0
Syllable,dar,1.0,0.0,0.0,1.0,Guzul'dar,1.0
Syllable,ron,3.0,0.0,1.0,2.0,Ja'ron;Ja'zaron;Aronson the Vile,1.0
Syllable,set,1.0,0.0,0.0,1.0,Bo'tzun Maset,0.0
Syllable,lar,5.0,0.0,0.0,5.0,Blood Priest Xak'lar;Witch Doctor Jangalar;Gyasi Ra'lar;Shadow Hunter Rala;Lieutenant Vol'talar,0.48047537
Syllable,tau,1.0,0.0,0.0,1.0,Roitau,1.0
Syllable,reez,1.0,0.0,0.0,1.0,Ka'reez,1.0
Syllable,tir,1.0,0.0,0.0,1.0,Falthir the Sightless,1.0
Syllable,tok,4.0,0.0,0.0,4.0,Battok the Berseker;Enforcer Gortok;Grozztok the Blackheart;Witch Doctor Hez'tok,1.0
Syllable,chua,1.0,0.0,0.0,1.0,T'Chua,1.0
Syllable,cho,1.0,0.0,0.0,1.0,Corcho,1.0
Syllable,hax,1.0,0.0,1.0,0.0,Ahaxxa,1.0
Syllable,lua,2.0,0.0,2.0,0.0,Uluami;Kaluaka,0.0
Syllable,us,1.0,0.0,0.0,1.0,First Mate Nereus,1.0
Syllable,toa,1.0,0.0,0.0,1.0,Vessel Zetoa,0.0
Syllable,zig,1.0,0.0,1.0,0.0,Ken'zigla,1.0
