str,value,value_first,value_second,value_middle,names
kina,0.5,-0.0,0.5,0.0,Pakina
kazi,1.0,0.5,0.5,0.0,Dockmaster Kazibo;Hekazi
kavi,1.0,1.0,-0.0,0.0,Spiritwalker Kavi'je
lega,0.5,0.5,-0.0,0.0,Legati
jon,2.0,1.0,1.0,0.0,Ol' Jonda;Than'jon
lazi,0.5,-0.0,0.5,0.0,Sulazi
zutee,0.5,0.5,-0.0,0.0,Zuteebe
tili,0.5,-0.0,0.5,0.0,Xantili
soa,1.0,-0.0,1.0,0.0,Zansoa
e,4.0,3.0,1.0,0.0,E'ban;Interrogator Ekon;E'sad;Shadow Hunter Mok'e
jiji,0.5,-0.0,0.5,0.0,Rejiji
hi,1.5,1.0,0.5,0.0,Hiro;Mimbihi
mam,1.0,1.0,-0.0,0.0,Mambu
baa,2.0,1.0,1.0,0.0,Chronicler Bah'Kini;Tre'bah
bakkal,0.5,0.5,-0.0,0.0,Bakkalzu
zert,1.0,-0.0,1.0,0.0,Explorer Bezzert
umbee,0.5,0.5,-0.0,0.0,Old Umbehto
hai,3.0,3.0,-0.0,0.0,High Priestess Hai'watna;Hai'zan;Hai'zujin
lat,1.0,-0.0,1.0,0.0,Spiritbinder Cha'lat
ley,2.0,-0.0,2.0,0.0,Beast Handler Kooley;Zelley
jakra,1.0,1.0,-0.0,0.0,General Jakra'zet
drif,1.0,1.0,-0.0,0.0,Drifta
shal,1.0,-0.0,1.0,0.0,Huro'shal
sona,0.5,0.5,-0.0,0.0,Beast Handler Sonaba
naasha,0.5,-0.0,0.5,0.0,Weaver Anaasha
manu,1.0,-0.0,1.0,0.0,Xumanu the Twisted;Temanu
ditor,1.0,-0.0,1.0,0.0,Trader Pro'ditor
renda,0.5,-0.0,0.5,0.0,Torenda
anga,1.0,-0.0,1.0,0.0,Taz'anga
lila,0.5,0.5,-0.0,0.0,Lilaju
lata,0.5,-0.0,0.5,0.0,Zaelatha
rawa,0.5,0.5,-0.0,0.0,Rawajo
ves,1.0,-0.0,1.0,0.0,Juvess the Duskwhisperer
jari,3.0,-0.0,3.0,0.0,Unjari Feltongue;Sajari Felhand;Ta'jari;Taz'jari
gura,0.5,-0.0,0.5,0.0,Magura
meli,2.5,1.5,1.0,0.0,Meli'wa;Melikree;Lo'meli
zuba,1.0,1.0,-0.0,0.0,Zubaji Brokenspear;Archivist Zubashi
denni,0.5,0.5,-0.0,0.0,Dennika
kimbi,0.5,0.5,-0.0,0.0,Kimbiza
teena,0.5,-0.0,0.5,0.0,Grand Ma'da Ateena
uta,0.5,0.5,-0.0,0.0,Utamu
uzlu,0.5,-0.0,0.5,0.0,Ruuzlu
zesha,0.5,-0.0,0.5,0.0,Mozesha
lono,1.0,1.0,-0.0,0.0,Lono'tai
wu,1.0,1.0,-0.0,0.0,Wulan
xom,1.0,1.0,-0.0,0.0,Xombo
iti,1.0,-0.0,1.0,0.0,Mau'iti
sez,2.0,2.0,-0.0,0.0,Shadowpriest Sezz'ziz;Lookout Sezza
ted,1.0,1.0,-0.0,0.0,Ted'ja
nalti,0.5,-0.0,0.5,0.0,Munalti
slai,1.0,-0.0,1.0,0.0,Champion Ros'slai
zujin,1.0,-0.0,1.0,0.0,Hai'zujin
fram,0.5,0.5,-0.0,0.0,Framnali
rua,1.0,1.0,-0.0,0.0,Ruala the Spotter
vula,0.5,0.5,-0.0,0.0,Vulajin
zaji,0.5,-0.0,0.5,0.0,Razaji
jet,1.0,1.0,-0.0,0.0,Jet'ar
sa,18.0,10.5,7.5,0.0,Sa'rii;Sa'tiib;Conqueror Salu;Samara;Sameh;Saree;Guard Satao;Sa'vi;Wind Rider Sabamba;Sagai;Sajari Felhand;Samamba;Sawemba;Kutube'sa;Paku'ai Janessa;Captain Talisa;Win'sa;Crysa;Jasa;Shadow Hunter Kajassa;Maru'sa;Won'sa
maa,4.0,2.5,1.5,0.0,Maaka;Mah'ral;Maharba;Jo'mah;Kalyimah Stormcloud
sal,2.0,1.0,1.0,0.0,Wardrummer Saljo;Lando'sal
sko,1.0,1.0,-0.0,0.0,Skodu
kaha,0.5,-0.0,0.5,0.0,Rakkaha
saraa,1.0,-0.0,1.0,0.0,T'sarah the Royal Chef
ravi,0.5,0.5,-0.0,0.0,Ravika
kene,0.33333334,-0.0,0.33333334,0.0,Alascene
wiki,0.5,-0.0,0.5,0.0,Maywiki
akul,1.0,-0.0,1.0,0.0,King A'akul
eja,0.5,-0.0,0.5,0.0,Ziaeja
hu,2.5,2.5,-0.0,0.0,Witch Doctor Hukari;Priestess Hu'rala;Huju
be,3.0,0.5,2.5,0.0,Bezime;Spearcrafter Otembe;Zuteebe;Shadow Hunter Ukambe;Zor'be the Bloodletter
framna,0.5,0.5,-0.0,0.0,Framnali
malodu,0.33333334,0.33333334,-0.0,0.0,Maloduri
zula,2.5,-0.0,2.5,0.0,The Matron Shaazula;Mom'zula;Shadowbreaker Urzula;Zinzula
zet,1.0,-0.0,1.0,0.0,General Jakra'zet
kanji,0.5,-0.0,0.5,0.0,Enforcer Dakanji
teebe,0.5,-0.0,0.5,0.0,Zuteebe
chulu,1.0,-0.0,1.0,0.0,Den'chulu
zime,0.5,-0.0,0.5,0.0,Bezime
korz,1.0,-0.0,1.0,0.0,Chief Ukorz Sandscalp
to,11.5,8.0,3.5,0.0,Loa Speaker Tobui;Torundo the Grizzled;Chronicler To'kini;Witch Doctah Toko;Tonai;Toranko;Forward Commander To'arch;Wind Master To'bor;Torenda;Earthcaller Torunscar;Razjuto;Zaluto;Diviner Taz'to;Old Umbehto;Xen'to
kit,2.0,-0.0,2.0,0.0,Milliner Hakkit;Prelate Jakit
menga,0.5,0.5,-0.0,0.0,Mengazi
cri,1.0,1.0,-0.0,0.0,Crysa
dei,1.0,1.0,-0.0,0.0,Deino
mawhani,1.0,-0.0,1.0,0.0,Lah'Mawhani
saja,0.5,0.5,-0.0,0.0,Sajari Felhand
xir,0.5,-0.0,0.5,0.0,Trayexir
tish,1.0,-0.0,1.0,0.0,Xan'tish
zenji,0.5,0.5,-0.0,0.0,Zenjibo
gambarin,0.33333334,0.33333334,-0.0,0.0,Gambarinka
gordo,0.5,-0.0,0.5,0.0,Zgordo the Burtalizer
tanzu,0.5,0.5,-0.0,0.0,Tanzuri
naji,1.5,0.5,1.0,0.0,Blood Witch Najima;Night-Stalker Ku'nanji
ali,1.0,-0.0,1.0,0.0,Aka'ali the Conqueror
misen,0.5,0.5,-0.0,0.0,Misensi
hun,1.0,1.0,-0.0,0.0,Hun'ta
nae,1.5,-0.0,1.5,0.0,Scalper Ahunae;Ra'wani Kanae
zinzu,0.5,0.5,-0.0,0.0,Zinzula
juwa,0.25,0.25,-0.0,0.0,Juwanamana
molo,0.5,-0.0,0.5,0.0,Zumolo
zura,0.5,0.5,-0.0,0.0,Mojo Mistress Zurania
kajas,0.5,0.5,-0.0,0.0,Shadow Hunter Kajassa
tex,2.0,1.0,1.0,0.0,Thex;Thex
jiju,0.5,-0.0,0.5,0.0,Sejiju
naza,0.5,0.5,-0.0,0.0,Nazara
bo,11.333334,4.5,6.8333335,0.0,Loa Speaker Bola;Beastmaster Horaki;Bo'danda;Bo'ja;Warmaster Bo'jo;Warlord Zim'bo;Arbo;Stalker Azibo;Dockmaster Cobo;Dockmaster Kazibo;Mojambo;Xombo;Zaluzibo;Zenjibo;Wind Rinder Jahubo
un,5.5,5.5,-0.0,0.0,Lookout Ungalra;Atal'jamba Ungo;Witchdoctor Unnraz;Unjari Feltongue;Un'Thuwa;Witch Doctor Unbagwa;Witch Doctor Unbugu;Guard Untula
kake,0.5,-0.0,0.5,0.0,Pikake
raja,0.5,-0.0,0.5,0.0,Janraja
ton,2.0,2.0,-0.0,0.0,Tongo;Ton'raro
nees,1.0,-0.0,1.0,0.0,Ca'nees
daae,0.5,0.5,-0.0,0.0,Zajera the Huntress
mija,0.5,0.5,-0.0,0.0,Apprentice Mijala Firehex
kau,0.5,0.5,-0.0,0.0,Kaulema the Mover
lahii,1.0,-0.0,1.0,0.0,Mai'Lahii
xo,1.0,-0.0,1.0,0.0,Moxo the Beheader
vij,1.0,-0.0,1.0,0.0,Reavij
chumber,0.5,0.5,-0.0,0.0,Chumbergo
raro,1.0,-0.0,1.0,0.0,Ton'raro
bali,0.5,0.5,-0.0,0.0,Balina
vel,2.5,2.5,-0.0,0.0,Hydromancer Velratha;Vel'rin Fang;Bookie Vel'jen
niku,0.5,-0.0,0.5,0.0,Yenniku
laka,1.0,-0.0,1.0,0.0,Warmother Molaka;Sulaka
nessa,0.5,-0.0,0.5,0.0,Paku'ai Janessa
talo,0.33333334,-0.0,0.33333334,0.0,Nepatalo
zita,1.0,0.5,0.5,0.0,Barder Zitaki;Loa Priestess Izita
trag,1.0,1.0,-0.0,0.0,Lieutenant Trag'kal
ini,1.0,-0.0,1.0,0.0,Bim'ini
vash,1.0,-0.0,1.0,0.0,Rovash the One Eyed
una,1.0,-0.0,1.0,0.0,Watcher Du'una
ban,3.5,2.5,1.0,0.0,Ban'zal;Banshi;Banteazo;E'ban
shalay,1.0,-0.0,1.0,0.0,Officer Vu'Shalay
wija,0.5,-0.0,0.5,0.0,Yuwija
um,3.5,3.5,-0.0,0.0,Umboda Three-Heads;Old Umbehto;Umbiwa;Witch Doctor Umbu;Watcher Umjin
zalaza,0.33333334,0.33333334,-0.0,0.0,Zalazane
tia,1.0,-0.0,1.0,0.0,Frostcaller Sin'tia
ba,21.5,7.0,14.5,0.0,Baga the Frostshield;Bonechillder Barafu;Ba'kari;Captain Bajin;Balina;Ba'kon;Ba'so;Batamsi;Scalper Bazuulu;Xu'ba;Ojin'ba;Chuba;Jemba the Radiant;Julwaba;Maharba;Mojoba;Beast Handler Sonaba;Zuaba Sonja;Old Zamba;Bwemba;Scout Jyoba;Headhunter Kuce'ba;Shadow Hunter Mutumba;Wind Rider Sabamba;Samamba;Sawemba;Tayemba;Ol' Toomba
kar,3.0,1.0,2.0,0.0,Prophet Khar'zul;Corpse Bringer Yal'kar;Sha'kar
shin,1.0,1.0,-0.0,0.0,Shinga Deathwalker
tiko,0.5,-0.0,0.5,0.0,Caretaker Patiko
sie,1.0,-0.0,1.0,0.0,Rosie the Hitmon
sanchu,0.5,-0.0,0.5,0.0,Bomsanchu
jalaz,0.5,0.5,-0.0,0.0,Captain Jalazko
rania,0.5,-0.0,0.5,0.0,Mojo Mistress Zurania
lil,1.0,-0.0,1.0,0.0,High Priestess Jeklik
vano,0.5,0.5,-0.0,0.0,Vanoza
nal,2.0,-0.0,2.0,0.0,Speaker Ik'nal;Master Vornal
lanti,0.5,-0.0,0.5,0.0,Zalanti
dran,1.0,-0.0,1.0,0.0,Kal'dran
zae,2.5,0.5,2.0,0.0,Zaelatha;Wild Kranzae;Taszae
kot,1.0,-0.0,1.0,0.0,Secott the Goldsmith
ter,1.0,1.0,-0.0,0.0,Ter'lij
tabim,1.0,-0.0,1.0,0.0,Al'tabim the All-Seeing
julwa,0.5,0.5,-0.0,0.0,Julwaba
xenxu,0.5,0.5,-0.0,0.0,Xenxuju
tani,0.5,-0.0,0.5,0.0,Gurthani the Elder
wi,2.0,-0.0,2.0,0.0,Water Mal'wi;Uma'wi
drak,2.0,2.0,-0.0,0.0,Drak'aguul;Healer Drak'tari
lum,1.0,-0.0,1.0,0.0,High Priest Orglum
zana,0.5,0.5,-0.0,0.0,Zanazal the Wise
bala,0.5,-0.0,0.5,0.0,Provisioner Lambala
haw,1.0,1.0,-0.0,0.0,Trader Haw'li
zik,1.0,-0.0,1.0,0.0,Va'zik
sen,2.0,2.0,-0.0,0.0,Ravasur Master Sen'ja;Sen'jin
jul,2.5,1.5,1.0,0.0,Julwaba;Forstcaller Julh'ek;Shadow Hunter Da'jul
nuji,0.5,-0.0,0.5,0.0,Lucky Bunuji
ni,15.5,4.0,11.5,0.0,"Ambassador Nikash;Nimar the Slayer;Nija Torntusk;Nime;Soul-Speaker Galani;Tall Hasani;Kaiani;Chronicler Kizani;Headhunter Lani;Meijani;Rani;Beast Handler Sujani;Taiani;Zia ""Sortcuts"" Ujani;Doomsayer Volkini;Zolani;Cliffkeeper Bouldani;Gurthani the Elder;Gusini;Skinner Jamani;Norkani;Stone Guard Rasconi;Vehini;Zuni"
lak,4.5,-0.0,4.5,0.0,Warleader Krazzilak;Frost King Malakk;War-God Jalak;Talak;Jin'lak Nightfang
urt,1.0,-0.0,1.0,0.0,Ka'urt
fus,1.0,-0.0,1.0,0.0,Chef Toofus
cal,1.0,1.0,-0.0,0.0,Bugcatcher Cal'yoon
krul,1.0,1.0,-0.0,0.0,Krul'tan
mingo,0.5,-0.0,0.5,0.0,Jamingo
razga,0.5,0.5,-0.0,0.0,Razgaji
zingi,0.5,-0.0,0.5,0.0,Muzingi
nazal,0.5,-0.0,0.5,0.0,Zanazal the Wise
kanis,0.33333334,-0.0,0.33333334,0.0,Kontokanis
kasgar,0.5,-0.0,0.5,0.0,Makasgar
sin,2.0,2.0,-0.0,0.0,Frostcaller Sin'tia;Deck Captain Sinja
ajik,1.0,-0.0,1.0,0.0,Zul'ajik
sheke,1.0,-0.0,1.0,0.0,Guardian M'sheke
zandel,0.33333334,0.33333334,-0.0,0.0,Zandelvari
niv,1.0,1.0,-0.0,0.0,Atal'Jani Niv'ek
nepa,0.33333334,0.33333334,-0.0,0.0,Nepatalo
jai,3.0,-0.0,3.0,0.0,Zujai;Shadow Hunter Denjai;Ken'jai
uda,0.5,0.5,-0.0,0.0,Marksman Udabu
shnel,2.0,1.0,1.0,0.0,Shnel;Shnel
laji,1.5,-0.0,1.5,0.0,Xan'laji;Zelaji
kani,0.5,-0.0,0.5,0.0,Norkani
pra,1.0,1.0,-0.0,0.0,Cataloger Prazee
ergi,1.0,-0.0,1.0,0.0,Ash'ergi
xor,1.0,1.0,-0.0,0.0,Xor'juul
zadu,0.5,0.5,-0.0,0.0,Zaduru
seshu,0.5,0.5,-0.0,0.0,Seshuli
han,2.5,2.5,-0.0,0.0,Han'jin;Hanzabu;Han'thul
nak,2.0,1.0,1.0,0.0,Nakk'rakas;Gash'nak the Cannibal
morta,1.0,1.0,-0.0,0.0,Morta'gya the Keeper
danu,1.0,-0.0,1.0,0.0,A'danu
atu,0.33333334,0.33333334,-0.0,0.0,Atulanji
div,1.0,1.0,-0.0,0.0,Div'yane
kaze,0.5,0.5,-0.0,0.0,Kazerin
chukla,1.0,-0.0,1.0,0.0,War-God Al'chukla
jor,5.0,4.0,1.0,0.0,Arcweaver Jor'guva;Jorja;Jor'kil the Soulripper;Jornun;Raztu'jor
zon,5.0,2.0,3.0,0.0,Zon'Wogi;Zonya the Sadist;Enforcer Malzon;Ray'zon;Conqueror Yun'zon
shata,0.5,-0.0,0.5,0.0,Paku'ai Noshata
anjin,1.0,-0.0,1.0,0.0,Basher Hak'anjin
xen,3.5,2.5,1.0,0.0,Xenxuju;Xen'to;Xen'Zilla;Najak Hexxen
buulda,0.5,0.5,-0.0,0.0,Cliffkeeper Bouldani
ando,1.0,-0.0,1.0,0.0,Orik'ando
shon,1.0,1.0,-0.0,0.0,Shon'ja
motu,1.0,-0.0,1.0,0.0,Vol'motu
gree,2.0,1.0,1.0,0.0,Gree;Gree
raza,0.5,0.5,-0.0,0.0,Razaji
mont,1.0,-0.0,1.0,0.0,Spearguard Du'mont
kril,1.0,1.0,-0.0,0.0,Kril'fon
va,6.0,5.0,1.0,0.0,Blood Witch Vashera;Vanashi;Vanoza;Crazy Vaza;Va'jashni;Va'zik;Vanira;Si'va
snee,2.0,1.0,1.0,0.0,Snee;Snee
jala,1.0,-0.0,1.0,0.0,Apprentice Mijala Firehex;Neejala
jamin,0.5,0.5,-0.0,0.0,Jamingo
ruka,0.5,-0.0,0.5,0.0,Uruka the Cutthroat
zang,1.0,1.0,-0.0,0.0,Zang'do
bree,1.0,1.0,-0.0,0.0,Bree'jo
zabu,0.5,-0.0,0.5,0.0,Hanzabu
rake,0.5,0.5,-0.0,0.0,Rakera
jimba,1.0,-0.0,1.0,0.0,Mo'jimba
us,0.5,-0.0,0.5,0.0,First Mate Nereus
heka,0.5,0.5,-0.0,0.0,Hekazi
rav,2.0,1.0,1.0,0.0,Rav;Rav
tura,0.5,-0.0,0.5,0.0,Sortura
mirim,1.0,1.0,-0.0,0.0,Soothsayer Mirim'koa
noxis,0.5,-0.0,0.5,0.0,High Priest Venoxis
kre,1.0,1.0,-0.0,0.0,Cre'van
bra,1.0,-0.0,1.0,0.0,Priestress Udum'bra
tin,3.0,-0.0,3.0,0.0,Gora'tin;Kana'tin;Kortin
"flit,ma",1.0,-0.0,1.0,0.0,Historian Jum'Flitmo
oa,1.0,-0.0,1.0,0.0,M'oa
kwug,1.0,-0.0,1.0,0.0,Hexxer Nana'kwug
arin,2.0,1.0,1.0,0.0,Arin'sor;Kaz'arin
lai,1.0,-0.0,1.0,0.0,Ku'lai the Skyclaw
dune,0.5,-0.0,0.5,0.0,Tiev Mordune
veka,1.0,1.0,-0.0,0.0,Veka'kai
kraa,1.0,1.0,-0.0,0.0,Krah'ranik
torun,1.0,1.0,-0.0,0.0,Torundo the Grizzled;Earthcaller Torunscar
vana,0.5,0.5,-0.0,0.0,Vanashi
yaku,0.5,-0.0,0.5,0.0,Kanyaku
ku,15.5,10.5,5.0,0.0,Deathwhisperer Kulu;Witch Doctor Khufu;Ku'lai the Skyclaw;Kula the Butcher;Clever Kumali;Kunojin;Ku'ash;Night-Stalker Ku'nanji;Earthrender Ku'siva;Ku'tiri the Claw;Huntress Kuzari;Witch Doctor Qu'in;Siegebreaker Druku;Lookout Ronaku;No'ku Stormsayer;Kanyaku;Beast Handler Khajuku;Raj'ku;Yenniku
rez,3.5,2.5,1.0,0.0,Rezrelek;Rez'caza;Captain Rez'okun;Shadow Hunter Narez
waba,0.5,-0.0,0.5,0.0,Julwaba
kulra,0.5,0.5,-0.0,0.0,Hydromancer Kulratha
zalu,0.8333334,0.8333334,-0.0,0.0,Zaluto;Zaluzibo
li,23.0,4.0,19.0,0.0,Lilaju;Li'zal;Provisioner Lija;Witch Doctah Likola;Lytah;Warmother Rakkali;Jan'li;Death-Caller Majuli;Marli Two-Toes;Bi'li;Trader Haw'li;Loa Speaker Joo'li;Koo'li;Clever Kumali;Acolyte Mali;Nokali the Scarred;Seshuli;Silent Tali;Framnali;Geba'li;Gez'li;Makuli;High Priestess Mar'li;Nekali;Kali Remik;Zend'li Venomtusk;Wazzuli Wildmender;Xantili;Elder Yaka'li
zigla,1.0,-0.0,1.0,0.0,Ken'zigla
izi,0.5,0.5,-0.0,0.0,Loa Priestess Izita
slad,1.0,1.0,-0.0,0.0,Slad'ran
koni,0.5,-0.0,0.5,0.0,Stone Guard Rasconi
gora,1.0,1.0,-0.0,0.0,Gora'tin
goz,0.5,0.5,-0.0,0.0,Bustroll Gozzako
ri,21.166666,2.5,18.666666,0.0,Rina the Traveler;Ripa the Wind Ripper;Rhinag;Tiri;Aljabri;Ansari;Apari;Asgari;Ghaliri;Witch Doctor Hukari;Atal'jamba Iri;Chronicler Jabari;First Mate Jam'ari;Ju'ri;Wavesinger Kari;Koari;Ma'ri;Captain Zadari;Zandelvari;Berserker Zar'ri;Wavesinger Zara;Unjari Feltongue;Huntress Kuzari;Maloduri;Seer Malori;Venomancer Mauri;Sajari Felhand;Shi'ri;Tanzuri;Tunari
kia,2.0,1.0,1.0,0.0,Qiaga the Keeper;Shadow Hunter Askia
rii,2.0,-0.0,2.0,0.0,Jorii;Sa'rii
maka,1.0,0.5,0.5,0.0,Makavu;Amaka the Crawg Ma'da
brek,2.0,1.0,1.0,0.0,Loa Speaker Brek;Loa Speaker Brek
taka,1.5,-0.0,1.5,0.0,Atal'zul Gotaka;Maz'taka
vul,1.5,1.5,-0.0,0.0,Priestess Vulja;Vulnullu
lazto,0.5,0.5,-0.0,0.0,Shadow Hunter Laztoki
ptin,1.0,1.0,-0.0,0.0,Ptin'go
tigo,0.5,0.5,-0.0,0.0,Tigowa
rax,1.0,-0.0,1.0,0.0,Zabrax
shigo,1.0,-0.0,1.0,0.0,San'shigo
sindo,1.0,1.0,-0.0,0.0,Sindo'zur the Toxifier
xas,1.0,-0.0,1.0,0.0,Azerite Manipulator Jaxxas
jodishu,0.33333334,-0.0,0.33333334,0.0,Mojodishu
moj,1.0,1.0,-0.0,0.0,Shadow Hunter Moj'jar
daz,2.0,2.0,-0.0,0.0,Defector Dazgo;Daz'dono
en,3.0,2.0,1.0,0.0,Endo Coinkeeper;Enyo;Captain Dam'en
awaka,0.33333334,0.33333334,-0.0,0.0,Awakaya
michul,1.0,1.0,-0.0,0.0,Michul'mon
waz,3.5,1.5,2.0,0.0,Waz'luk;Wazzuli Wildmender;Haz'waz the Toxic;Jub'waz
kola,0.5,-0.0,0.5,0.0,Witch Doctah Likola
lakana,0.33333334,-0.0,0.33333334,0.0,Nalakana
vina,0.5,0.5,-0.0,0.0,Vinaya
aa,2.5,0.5,2.0,0.0,Scalper Ahunae;Mai'ah;Serr'ah
baz,1.5,0.5,1.0,0.0,Handler Bazkoji;Overseer Golbaz
makas,0.5,0.5,-0.0,0.0,Makasgar
sian,1.0,1.0,-0.0,0.0,Sian'Shim
kuli,0.5,-0.0,0.5,0.0,Makuli
mog,2.0,1.0,1.0,0.0,Mogh the Dead;Mogh the Dead
org,1.0,1.0,-0.0,0.0,High Priest Orglum
zigo,0.5,-0.0,0.5,0.0,Yazigo
nengo,0.5,-0.0,0.5,0.0,Trader Munengo
ok,0.5,-0.0,0.5,0.0,Nezzliok the Dire
ruuz,0.5,0.5,-0.0,0.0,Ruuzlu
lamba,0.5,0.5,-0.0,0.0,Provisioner Lambala
zilkree,0.5,-0.0,0.5,0.0,Shadow Hunter Mezil-kree
geen,1.0,-0.0,1.0,0.0,Zeh'gehn
seso,0.5,-0.0,0.5,0.0,Ohseso
atai,1.0,1.0,-0.0,0.0,Atai'nata
boja,1.0,-0.0,1.0,0.0,Zin'boja
kos,1.0,-0.0,1.0,0.0,Hunter A'kos
traye,0.5,0.5,-0.0,0.0,Trayexir
jamba,1.0,-0.0,1.0,0.0,Vol'jamba
pakka,0.5,0.5,-0.0,0.0,Blood Witch Pakkala
bin,1.5,-0.0,1.5,0.0,Zilzibin;Kuray'bin
nisti,0.5,0.5,-0.0,0.0,Nisstina
xon,1.0,1.0,-0.0,0.0,Xon'cha
wey,1.0,-0.0,1.0,0.0,Raptari Galo'wey
abul,1.0,1.0,-0.0,0.0,Jamil Abul'housin
mala,3.5,1.5,2.0,0.0,Mala'kili;Hex Lord Malacrass;Za'mala;Lui'Mala
laki,0.5,-0.0,0.5,0.0,Nolaki
zuru,0.5,0.5,-0.0,0.0,Wardrummer Zurula
nosha,0.5,0.5,-0.0,0.0,Paku'ai Noshata
kay,2.0,1.0,1.0,0.0,Kaymon;Chukay
sawem,0.5,0.5,-0.0,0.0,Sawemba
kali,1.5,-0.0,1.5,0.0,Warmother Rakkali;Nokali the Scarred;Nekali
el,0.5,0.5,-0.0,0.0,Elfyra
aki,1.0,-0.0,1.0,0.0,Zul'aki the Headhunter
dal,1.0,-0.0,1.0,0.0,Keren'dal
kor,9.0,5.0,4.0,0.0,Korrak the Bloodrager;Atal'jamba Kor;Kor'ghan;Korran;Kortin;Shakor;Huntsman Markhor;Kraal Master B'khor;Atal'jamba Kor
tri,1.0,-0.0,1.0,0.0,Jes'tri
alas,0.33333334,0.33333334,-0.0,0.0,Alascene
tokanis,0.33333334,-0.0,0.33333334,0.0,Kontokanis
swo,0.5,0.5,-0.0,0.0,Swolina
gati,0.5,-0.0,0.5,0.0,Legati
zuri,1.0,0.5,0.5,0.0,Zuriwa the Hexxer;Tanzuri
asula,1.0,-0.0,1.0,0.0,Jin'asula
relek,0.5,-0.0,0.5,0.0,Rezrelek
tega,0.5,0.5,-0.0,0.0,Tegashi
ash,4.0,3.0,1.0,0.0,Ash'an the Empowered;Chronicler Ash'tari;Ash'ergi;Ku'ash
rillis,0.5,-0.0,0.5,0.0,Zerillis
may,0.5,0.5,-0.0,0.0,Maywiki
nar,1.0,1.0,-0.0,0.0,Vexmaster Nar'jo
kutube,1.0,1.0,-0.0,0.0,Kutube'sa
jes,2.0,2.0,-0.0,0.0,Jes'tri;Jes'rimon
tamu,0.5,-0.0,0.5,0.0,Utamu
zuna,0.5,0.5,-0.0,0.0,Zunashi the Exile
bawa,1.0,-0.0,1.0,0.0,Warcaller Zin'bawa
kin,3.5,2.5,1.0,0.0,Loa Speaker Kinduru;Kin'toga Beastbane;Kin'weelay;Zen'kin
chunga,1.0,-0.0,1.0,0.0,Jo'chunga
lutu,0.5,-0.0,0.5,0.0,Talutu
cana,0.5,0.5,-0.0,0.0,Canaga Earthcaller
gun,2.0,1.0,1.0,0.0,Skullcrusher Gundu;Yarsel'ghun
taji,2.0,-0.0,2.0,0.0,Loa Speaker Kur'taji;Zen'Taji
du,9.5,4.5,5.0,0.0,Spearguard Du'mont;Du'ga;Du'pre;Watcher Du'una;Durango;Warmother Ye'du;Skullcrusher Gundu;Witch Doctor Habra'du;Skodu;Taskmaster Zendu
dono,1.0,-0.0,1.0,0.0,Daz'dono
watna,1.0,-0.0,1.0,0.0,High Priestess Hai'watna
junan,0.5,0.5,-0.0,0.0,Junanji
kyo,1.0,-0.0,1.0,0.0,Ur'kyo
cho,1.0,-0.0,1.0,0.0,Corcho
zako,0.5,-0.0,0.5,0.0,Bustroll Gozzako
dranda,1.0,-0.0,1.0,0.0,Gan'dranda
bunu,0.5,0.5,-0.0,0.0,Lucky Bunuji
shera,0.5,-0.0,0.5,0.0,Blood Witch Vashera
loa,2.5,0.5,2.0,0.0,Loanati;Shadow Hunter Ju'loa;Shadow Hunter Maloa
zulaa,1.0,-0.0,1.0,0.0,Gan'zulah
drin,1.0,-0.0,1.0,0.0,Master Gadrin
tavik,0.5,0.5,-0.0,0.0,Tavikko
wani,2.0,-0.0,2.0,0.0,Haka'wani;Blood Guard Mal'wani
ruj,1.0,1.0,-0.0,0.0,Ruj'kah
san,1.0,1.0,-0.0,0.0,San'shigo
vai,1.0,1.0,-0.0,0.0,Exorcist Vaisha
yamu,0.5,0.5,-0.0,0.0,Yamuna
ia,1.0,-0.0,1.0,0.0,Kal'ia Pa'kuaya
tafi,1.0,-0.0,1.0,0.0,Fa'tafi
aat,1.0,1.0,-0.0,0.0,Beastcaller Aht'lutal
nashi,1.5,-0.0,1.5,0.0,Vanashi;Zunashi the Exile;Hanashi
awa,0.33333334,0.33333334,-0.0,0.0,Awakaya
vek,1.0,-0.0,1.0,0.0,Mor'vek
jaya,0.5,-0.0,0.5,0.0,Zurjaya
pa,7.0,6.0,1.0,0.0,Panogo;Spiritbinder Pa'chek;Pachu;Caretaker Padae;Pakina;Caretaker Patiko;Engineer Pa'Par;Parata;Historian Ju'pa
tan,9.5,3.5,6.0,0.0,Than'jon;Tanjin the Ironshaper;Tanzar;Tanzuri;Krul'tan;Aitan;Ju'tan;Matan;Gheeda Bur'tan;Zebu'tan
drega,0.5,0.5,-0.0,0.0,Dregada
grun,1.0,1.0,-0.0,0.0,Grungo
van,2.0,1.0,1.0,0.0,Warmother Van'ji;Cre'van
de,3.0,1.5,1.5,0.0,"Salty Degasha;Wavesinger De'zan;Ahlswede the ""Mapmon"";Kul'de"
habra,1.0,1.0,-0.0,0.0,Witch Doctor Habra'du
j,2.0,2.0,-0.0,0.0,J'eebi;Shadow Hunter J'wan
ilu,0.5,0.5,-0.0,0.0,Vessel Iluna
mira,0.5,-0.0,0.5,0.0,Amira Blazeweaver
tet,1.0,-0.0,1.0,0.0,Nortet
shoe,2.0,1.0,1.0,0.0,Shoe;Shoe
gawa,0.5,0.5,-0.0,0.0,Gawanil
jol,1.0,1.0,-0.0,0.0,Happy Jolta
veaye,0.5,0.5,-0.0,0.0,Beastmaster Veayeka
den,3.5,2.5,1.0,0.0,Den'chulu;Shadow Hunter Denjai;Dennika;Jahden Fla
tol,2.0,2.0,-0.0,0.0,Tol'mar;Watcher Tolwe
iku,1.0,1.0,-0.0,0.0,Iku'tak
ari,2.0,-0.0,2.0,0.0,Ko'ari;Witch Doctor Mau'ari
lau,1.0,1.0,-0.0,0.0,Lau'Tiki
dam,1.0,1.0,-0.0,0.0,Captain Dam'en
gasha,1.0,-0.0,1.0,0.0,Salty Degasha;Magasha
shari,0.33333334,0.33333334,-0.0,0.0,Sharisanda
aliri,1.0,-0.0,1.0,0.0,Zen'Aliri
bezi,0.5,0.5,-0.0,0.0,Bezime
rakas,1.0,-0.0,1.0,0.0,Nakk'rakas
xan,3.5,3.5,-0.0,0.0,Xanjo;Xan'laji;Xan'tish;Xantili
alun,2.0,1.0,1.0,0.0,Priestess Alun'za;Jin'alun
armon,1.0,-0.0,1.0,0.0,Zul'armon
sno,2.0,1.0,1.0,0.0,Bos'n Sno;Bos'n Sno
jambo,1.0,0.5,0.5,0.0,First Mate Jamboya;Mojambo
chek,4.0,-0.0,4.0,0.0,Spiritbinder Pa'chek;Spiritbinder Tu'check;Arcanital Tula'chek;Uchek
vayin,1.0,-0.0,1.0,0.0,Sus'vayin
shen,1.0,1.0,-0.0,0.0,Shenthul
chum,0.5,0.5,-0.0,0.0,Chumbergo
don,1.0,1.0,-0.0,0.0,Don'ad
kilna,0.5,0.5,-0.0,0.0,High Priestess Kilnara
yarsel,1.0,1.0,-0.0,0.0,Yarsel'ghun
kera,0.5,-0.0,0.5,0.0,Rakera
yane,1.0,-0.0,1.0,0.0,Div'yane
umbo,0.5,0.5,-0.0,0.0,Umboda Three-Heads
tek,2.5,1.0,1.5,0.0,Spiritbinder Tec'uat;Ana'thek the Curel;Ana Bloodteeth
tema,1.0,0.5,0.5,0.0,Temanu;Warmother Boatema
zilak,0.5,-0.0,0.5,0.0,Warleader Krazzilak
kree,1.0,-0.0,1.0,0.0,Melikree;Shadow Hunter Mezil-kree
oho,0.5,0.5,-0.0,0.0,Great Hexer Ohodo
lema,0.5,-0.0,0.5,0.0,Kaulema the Mover
blade,1.0,-0.0,1.0,0.0,Razal'blade
iste,1.0,-0.0,1.0,0.0,Zul'iste
hakata,1.0,-0.0,1.0,0.0,Natal'hakata
suja,0.5,0.5,-0.0,0.0,Beast Handler Sujani
nimbo,0.5,0.5,-0.0,0.0,Nimboya
min,1.0,1.0,-0.0,0.0,Min'loth
lan,5.0,1.0,4.0,0.0,Wavemaster Lanfa;Prelate Za'lan;Pirate-King Zem'lan;Khalan;Wulan
atulan,0.33333334,0.33333334,-0.0,0.0,Atulanji
yemba,0.5,-0.0,0.5,0.0,Tayemba
shiki,0.5,-0.0,0.5,0.0,Mishiki
hulg,2.0,1.0,1.0,0.0,Hulg;Hulg
zaul,1.0,1.0,-0.0,0.0,Zauljin
kart,1.0,-0.0,1.0,0.0,Erkhart Stormvein
ziz,1.0,-0.0,1.0,0.0,Shadowpriest Sezz'ziz
shaz,2.0,2.0,-0.0,0.0,Warmother Shaz'raka;Shaz'ki
nena,0.5,-0.0,0.5,0.0,Janena
udu,0.5,0.5,-0.0,0.0,Uduji
riya,1.0,-0.0,1.0,0.0,Voriya;Zariya
nis,1.8333334,0.5,1.3333334,0.0,Nisstina;Kontokanis;Yeniss
azi,0.5,0.5,-0.0,0.0,Stalker Azibo
zillen,1.0,-0.0,1.0,0.0,Jinar'Zillen
zane,0.33333334,-0.0,0.33333334,0.0,Zalazane
toran,0.5,0.5,-0.0,0.0,Toranko
balai,1.0,-0.0,1.0,0.0,Zen'Balai
lanji,0.8333334,-0.0,0.8333334,0.0,Atulanji;Talanji
verra,0.5,0.5,-0.0,0.0,Paku'ai Verraki
zas,2.0,2.0,-0.0,0.0,Hexxer Zas'guk;Shadow Hunter Zasta
zaku,1.5,0.5,1.0,0.0,Dinomancer Zakuru;Vol'zaku
fer,1.0,-0.0,1.0,0.0,Ofer the Silkmender
lando,1.0,1.0,-0.0,0.0,Lando'sal
yi,0.5,0.5,-0.0,0.0,Yillixa
shra,1.0,-0.0,1.0,0.0,Corpse Monger Nog'shra
ur,1.5,1.5,-0.0,0.0,Ur'kyo;Shadowbreaker Urzula
guzul,1.0,1.0,-0.0,0.0,Guzul'dar
hajuk,0.5,0.5,-0.0,0.0,Hajukka
nun,1.0,-0.0,1.0,0.0,Jornun
zata,1.0,-0.0,1.0,0.0,Zan'zata
munen,0.5,0.5,-0.0,0.0,Trader Munengo
manji,0.5,-0.0,0.5,0.0,Tamanji
wajo,0.5,-0.0,0.5,0.0,Rawajo
baj,1.0,1.0,-0.0,0.0,Baj'ura
mitre,0.5,0.5,-0.0,0.0,Mithrethis the Enchanter
draz,1.0,1.0,-0.0,0.0,Stormbringer Draz'kil
para,0.5,0.5,-0.0,0.0,Parata
bal,1.0,-0.0,1.0,0.0,Chabal
jeeni,0.5,0.5,-0.0,0.0,Jehnira
zi,12.0,6.0,6.0,0.0,Zikii;Barder Zitaki;Zy'lah Manslayer;Zi'guma;Zi'mo the Empowered;Auctioneer Ziji;Zirazi the Star-Gazer;Lord Azi;Mengazi;Shadowblade Razi;Sulazi;Tezi;Hekazi;Zenzi;Zirazi the Star-Gazer
kuma,0.5,0.5,-0.0,0.0,Clever Kumali
lam,1.5,0.5,1.0,0.0,Provisioner Lambala;Telf Joolam
tza,1.0,1.0,-0.0,0.0,Witch Doctor Tza'dah
jara,0.5,-0.0,0.5,0.0,Kijara
reez,1.0,-0.0,1.0,0.0,Ka'reez
gali,1.5,0.5,1.0,0.0,Ghaliri;Uh'gali
raj,1.0,1.0,-0.0,0.0,Raj'ku
ske,1.0,1.0,-0.0,0.0,Ske'rit
bora,0.5,0.5,-0.0,0.0,Beastmaster Horaki
za,29.666666,16.666666,13.0,0.0,Zaroza the Fleshcarver;Prelate Za'lan;Za'mala;Za'roco the Grifter;Zabanji;Zabar;Captain Zadari;Loa Speaker Zako;Dinomancer Zakuru;Zalanti;Zaluto;Zaluzibo;Zanazal the Wise;Zarah;Trader Zatanji;Shapemaster Za'lani;Zaduru;Jory Zaga;Bloodslayer Zala;Zalazane;Elementalist Zapi;Zariya;Zayus;Zaroza the Fleshcarver;Priestess Alun'za;Quartermaster Garza;Kaza the Skyblade;Lookout Sezza;Vanoza;Crazy Vaza;Ginza Darktusk;Kimbiza;Headhunter Leeza;Ortezza;Raiza;Talza;Ya'za the Vandal;Zorza
pat,1.0,1.0,-0.0,0.0,Queen Patlaa
nubu,0.5,-0.0,0.5,0.0,Tanubu
xuxu,0.5,0.5,-0.0,0.0,Xuxuga
juwanama,0.25,0.25,-0.0,0.0,Juwanamana
wei,1.0,-0.0,1.0,0.0,Witchdoctor Zuwei
gra,1.0,1.0,-0.0,0.0,Grayal
mau,3.0,3.0,-0.0,0.0,Witch Doctor Mau'ari;Mau'iti;Venomancer Mauri
gala,0.5,0.5,-0.0,0.0,Soul-Speaker Galani
noza,0.5,-0.0,0.5,0.0,Vanoza
kuray,1.0,1.0,-0.0,0.0,Kuray'bin
par,1.0,-0.0,1.0,0.0,Engineer Pa'Par
tik,1.0,1.0,-0.0,0.0,Tik'su
konaw,0.5,0.5,-0.0,0.0,Madam Konawla
tiib,1.0,-0.0,1.0,0.0,Sa'tiib
zoa,1.0,-0.0,1.0,0.0,Kazoa
lisa,0.5,-0.0,0.5,0.0,Captain Talisa
rit,2.0,1.0,1.0,0.0,Rit'ko;Ske'rit
zinni,1.0,-0.0,1.0,0.0,Lieutenant Ta'zinni
tasi,1.0,-0.0,1.0,0.0,Tai'tasi
so,2.5,1.0,1.5,0.0,Beast Handler Sonaba;Soratha;Ba'so;Ohseso
too,2.0,2.0,-0.0,0.0,Chef Toofus;Tooki
runskar,0.5,-0.0,0.5,0.0,Earthcaller Torunscar
ukam,0.5,0.5,-0.0,0.0,Shadow Hunter Ukambe
mom,1.0,1.0,-0.0,0.0,Mom'zula
x,1.0,1.0,-0.0,0.0,X'yera
nog,1.0,1.0,-0.0,0.0,Corpse Monger Nog'shra
xao,1.0,1.0,-0.0,0.0,Xao'tsu
dalamar,0.33333334,-0.0,0.33333334,0.0,Indalamar
kish,1.0,1.0,-0.0,0.0,Dinomancer Kish'o
ren,3.0,3.0,-0.0,0.0,Ren'Zuli;Ma'da Ren'kala;Renn'az
rino,1.0,-0.0,1.0,0.0,Yu'rina the Mystic
halu,1.0,1.0,-0.0,0.0,Captain Halu'kal
mali,0.5,-0.0,0.5,0.0,Clever Kumali
rajit,0.5,-0.0,0.5,0.0,Marajit
livia,1.0,-0.0,1.0,0.0,O'livia
ron,1.0,-0.0,1.0,0.0,Ja'ron
joo,2.0,2.0,-0.0,0.0,Loa Speaker Joo'li;Telf Joolam
taki,1.5,-0.0,1.5,0.0,Barder Zitaki;Zen'taki
barios,1.0,-0.0,1.0,0.0,Watcher M'barios
guma,1.0,-0.0,1.0,0.0,Zi'guma
lawa,0.5,-0.0,0.5,0.0,Happy Holaua
nepata,0.33333334,0.33333334,-0.0,0.0,Nepatalo
nag,2.0,1.0,1.0,0.0,Warmother Nagla;Rhinag
vesh,1.0,1.0,-0.0,0.0,Vesh'ral
ran,6.5,3.5,3.0,0.0,Ranvin;Rhan'ka;Ranzul Sonja;Rangiro;Guran the Frostblade;Slad'ran;Korran
rasta,0.5,0.5,-0.0,0.0,King Rastakhan
zira,0.5,0.5,-0.0,0.0,Zirazi the Star-Gazer
bazuu,0.5,0.5,-0.0,0.0,Scalper Bazuulu
ila,0.5,0.5,-0.0,0.0,Ilalu
zel,4.0,4.0,-0.0,0.0,Zelley;Zelrin;Shadow Hunter Zel'duk;Zel'mak
rakki,0.5,-0.0,0.5,0.0,Morakki
wosho,1.0,-0.0,1.0,0.0,Rin'wosho the Trader
aalswe,0.5,0.5,-0.0,0.0,"Ahlswede the ""Mapmon"""
nika,0.5,-0.0,0.5,0.0,Dennika
zat,3.0,2.0,1.0,0.0,Zathra;Zealot Zath;Zealot Zath
pin,1.0,1.0,-0.0,0.0,Pin'jin the Patient
gor,3.0,3.0,-0.0,0.0,Gorthak;Enforcer Gortok;Gor'gar
tiki,1.0,-0.0,1.0,0.0,Jin'Tiki
taa,4.0,2.0,2.0,0.0,Beast Handler Tahno;Navigator Tah're;Griftah;Lytah
jabu,1.5,-0.0,1.5,0.0,Witch Doctor Kejabu;Mugjabu;Spiritbinder Jumjabu
retis,0.5,-0.0,0.5,0.0,Mithrethis the Enchanter
banji,0.5,-0.0,0.5,0.0,Zabanji
zulat,0.5,0.5,-0.0,0.0,Zulathra
rete,0.5,0.5,-0.0,0.0,Retherokk the Berserker
amon,1.0,-0.0,1.0,0.0,Windweaver Akil'amon
habu,0.5,0.5,-0.0,0.0,Habutu
xak,1.0,1.0,-0.0,0.0,Blood Priest Xak'lar
yo,2.0,-0.0,2.0,0.0,Tayo;Enyo
aza,0.5,0.5,-0.0,0.0,Azala
bim,1.0,1.0,-0.0,0.0,Bim'ini
hasa,1.0,1.0,-0.0,0.0,Tall Hasani;Argent Quartermaster Hasana
grif,1.0,1.0,-0.0,0.0,Griftah
jee,1.5,1.5,-0.0,0.0,Jehnira;Jee'zee
nawla,0.5,-0.0,0.5,0.0,Madam Konawla
zam,2.0,2.0,-0.0,0.0,Old Zamba;Zamja
eek,1.0,-0.0,1.0,0.0,Er'eek
gusi,0.5,0.5,-0.0,0.0,Gusini
jammal,1.0,1.0,-0.0,0.0,Jammal'an the Prophet
munal,0.5,0.5,-0.0,0.0,Munalti
sebi,0.5,-0.0,0.5,0.0,Sesebi
joro,1.0,1.0,-0.0,0.0,Joro'man
we,1.0,-0.0,1.0,0.0,Watcher Tolwe
sheej,2.0,1.0,1.0,0.0,Wardrummer Sheej;Wardrummer Sheej
nola,0.5,0.5,-0.0,0.0,Nolaki
rek,5.0,1.0,4.0,0.0,Rek'gar;Vejrek;Deathspeaker Malo'rek;Motrek;Vaz'rek
jina,0.5,-0.0,0.5,0.0,Kejina
kota,0.5,-0.0,0.5,0.0,Paku'ai Rokota
taga,1.0,-0.0,1.0,0.0,Captain Zen'taga
jama,0.5,0.5,-0.0,0.0,Skinner Jamani
maz,4.0,2.0,2.0,0.0,Maz'taka;Maz'dinah;Drek'Maz;Warlord Zol'Maz
unbu,0.5,0.5,-0.0,0.0,Witch Doctor Unbugu
var,2.0,2.0,-0.0,0.0,Var'gazul;Var'jun
zek,1.0,1.0,-0.0,0.0,Zekkis
inga,0.5,-0.0,0.5,0.0,Witch Doctor Oinga
patalo,0.33333334,-0.0,0.33333334,0.0,Nepatalo
won,1.0,1.0,-0.0,0.0,Won'sa
krazzi,0.5,0.5,-0.0,0.0,Warleader Krazzilak
toye,0.5,-0.0,0.5,0.0,Otoye
zuli,1.5,-0.0,1.5,0.0,Ren'Zuli;Wazzuli Wildmender
kuul,1.0,-0.0,1.0,0.0,Shadow Hunter Spar'kuhl
,0.5,-0.0,0.5,0.0,Ripa the Wind Ripper
ke,2.5,1.0,1.5,0.0,Witch Doctor Kejabu;Kejina;Hane'ke;Pikake
zando,1.0,1.0,-0.0,0.0,Zando'zan
vol,16.5,15.5,1.0,0.0,Vol'jin;Siegebreaker Vol'gar;Vol'jamba;Huntsmaster Vol'ka;Vol'kaal;Doomsayer Volkini;Vol'guk;Vol'jin;Vol'motu;Lieutenant Vol'talar;General Vol'tar;Shadow Hunter Vol'tris;Vol'zaku;Vol'dreka;Voll;High Warlord Volrath;Voll
kama,0.5,-0.0,0.5,0.0,Jakama
tzu,2.0,1.0,1.0,0.0,Windmaster Tzu-Tzu;Windmaster Tzu-Tzu
vey,1.0,1.0,-0.0,0.0,Veyzhak the Cannibal
kash,2.0,1.0,1.0,0.0,Pa'kura Kash'jani;Ambassador Nikash
gi,1.5,-0.0,1.5,0.0,Muzingi;Iggy Darktusk
je,6.0,4.0,2.0,0.0,Je'stry;Paku'ai Jetar;Jena;Je'neu Sancrea;Spiritwalker Kavi'je;Zaa'je
tayem,0.5,0.5,-0.0,0.0,Tayemba
gya,1.0,-0.0,1.0,0.0,Morta'gya the Keeper
xu,3.0,3.0,-0.0,0.0,Xu'ba;Xuxuga;Ximo the Callous;Xumanu the Twisted
mani,0.5,-0.0,0.5,0.0,Skinner Jamani
fae,1.0,-0.0,1.0,0.0,Rafae
fu,3.5,1.0,2.5,0.0,Hoodoo Master Fu'jin;Bonechillder Barafu;Witch Doctor Khufu;Kofu
jinar,1.0,1.0,-0.0,0.0,Jinar'Zillen
she,1.0,1.0,-0.0,0.0,Sheya Stormweaver
in,2.3333333,0.33333334,2.0,0.0,Indalamar;Col'in;Witch Doctor Qu'in
m,3.0,3.0,-0.0,0.0,M'oa;Guardian M'sheke;Watcher M'barios
gar,7.5,2.0,5.5,0.0,Quartermaster Garza;Garra;Siegebreaker Vol'gar;Abu'gar;Gor'gar;Lina'gar;Makasgar;Rek'gar
nivek,2.0,1.0,1.0,0.0,Wingrider Nivek;Wingrider Nivek
ant,1.0,1.0,-0.0,0.0,Venomancer Ant'su
swoli,0.5,0.5,-0.0,0.0,Swolina
norka,0.5,0.5,-0.0,0.0,Norkani
pechan,0.5,0.5,-0.0,0.0,Pechanga
gez,1.0,1.0,-0.0,0.0,Gez'li
ark,1.0,-0.0,1.0,0.0,Forward Commander To'arch
zurja,0.5,0.5,-0.0,0.0,Zurjaya
la,31.5,2.0,29.5,0.0,Headhunter Lani;Lah'Mawhani;Ma'da Akala;Warmother Nagla;Blood Witch Pakkala;Wardrummer Zurula;Berserker Gola;Tregla;Azala;Loa Speaker Bola;Witch Doctor Jala;Darkspeaker Jo'la;Hexmother Kala;Khila;Madam Konawla;Kula the Butcher;Witch Doctah Likola;Makalla;Cooka Mala;Motla;Nurkala;Old Tella;Shanky Ralla;The Matron Shaazula;Taz'la the Vulgar;Neela Firebane;Apprentice Mijala Firehex;Jakala the Cruel;Provisioner Lambala;Shadow Hunter Mala;Neejala;Eartmender Norsala;Ruala the Spotter;Ambassador Shala;Shim'la;Tula;Guard Untula;Shadowbreaker Urzula;Bloodslayer Zala;Zinzula
zambi,0.5,-0.0,0.5,0.0,Razambi the Drunk
kas,2.0,1.0,1.0,0.0,Scout Kas'cha;Mooncaller Mozo'kas
untu,0.5,0.5,-0.0,0.0,Guard Untula
do,10.0,1.5,8.5,0.0,Dohaman the Beast Lord;War-God Dokah;Torundo the Grizzled;Endo Coinkeeper;Shado;Jin'do the Hexxer;Jun'do the Traitor;Fisherman Lin'do;Great Hexer Ohodo;Zan'do;Zang'do;Zgordo the Burtalizer
ranko,0.5,-0.0,0.5,0.0,Toranko
zil,6.0,1.0,5.0,0.0,Zilzibin;Zillane;Gur'zil;Witch Doctor Jin'Zil;Razzil;Zag'zil;Zanzil
zov,1.0,1.0,-0.0,0.0,Beasttamer Zov'jin
mago,1.0,1.0,-0.0,0.0,Hexxer Magoda;Magovu
ongo,1.0,1.0,-0.0,0.0,Ongo'longo
sir,1.0,1.0,-0.0,0.0,Sirka Duskfisher
sama,0.5,0.5,-0.0,0.0,Samara
toom,2.0,1.0,1.0,0.0,Ol' Toomba;Katoom the Angler
elek,1.0,-0.0,1.0,0.0,Ula'elek
dango,1.0,-0.0,1.0,0.0,Mojo Masher Ven'dango
zaron,1.0,-0.0,1.0,0.0,Ja'zaron
vashe,0.5,0.5,-0.0,0.0,Blood Witch Vashera
hitaa,1.0,1.0,-0.0,0.0,Hitah'ya the Keeper
zaka,1.0,-0.0,1.0,0.0,Rin'zaka the Galefist
gron,1.0,1.0,-0.0,0.0,Gronda Feathercrush
miao,1.0,1.0,-0.0,0.0,Miao'zan
tanji,0.5,-0.0,0.5,0.0,Trader Zatanji
wansi,1.0,-0.0,1.0,0.0,Witch Doctor T'wansi
hoz,1.0,1.0,-0.0,0.0,Bladeguard Hozzul
ul,1.0,1.0,-0.0,0.0,Ulzann
ja,47.0,20.0,27.0,0.0,Paku'ai Janessa;Chronicler Jabari;Beastmother Jabati;Prelate Jakit;Witch Doctor Jala;War-God Jalak;Jamingo;Janena;Paku'ai Jasi;Steelweaver Javee;Ja'kala;Ja'kana;Mojo Mender Ja'nah;Ja'ron;Ja'zaron;Ja'zoona;Jabul;Wind Rinder Jahubo;Jakala the Cruel;Jakama;Hexweaver Jakunda;Captain Jalazko;Jamai;Skinner Jamani;Seer Janidi;Jasa;Mi'ja;Blind Wunja;High Priestess Zenja;Grave-Caller Muja;Nija Torntusk;Wingminder Goja;Holaja Da Drunk;Janraja;Jorja;Huntmaster Kil'ja;Provisioner Lija;Moaja;Ravasur Master Sen'ja;Shakaeja;Ted'ja;Servant Vonja;Priestess Vulja;Ziaeja;Zinja Ujomei;Akanja;Bo'ja;Shadow Hunter Bwu'ja;Windseeker Durja;Mokuja;Shon'ja;Deck Captain Sinja;Tuneja;Sharpeye Yan'ja;Yuwija;Zamja;Zun'ja
chee,1.0,-0.0,1.0,0.0,Ra'chee
samam,0.5,0.5,-0.0,0.0,Samamba
govu,0.5,-0.0,0.5,0.0,Magovu
rai,3.0,2.0,1.0,0.0,Raitea;Raiza;Zurai
hanza,0.5,0.5,-0.0,0.0,Hanzabu
ro,10.0,5.0,5.0,0.0,Siegebreaker Roka;Paku'ai Rokota;Lookout Ronaku;Rosie the Hitmon;Rovash the One Eyed;Rokhan;Ka'ro the Chopper;Zenbaro;Hiro;Una Ji'ro;Rangiro;Xiz'ro
mil,2.0,1.0,1.0,0.0,Mil'janza;Ta'mil Nadu
nir,3.0,1.0,2.0,0.0,Captain Nir'zan;Grik'nir the Cold;Zjolnir
moji,1.0,1.0,-0.0,0.0,Otho Mojiko;Stalker Mojica
bara,1.0,0.5,0.5,0.0,Bonechillder Barafu;Speaker Obara
vunan,0.5,0.5,-0.0,0.0,Vunanju
rasko,0.5,0.5,-0.0,0.0,Stone Guard Rasconi
tau,1.0,-0.0,1.0,0.0,Roitau
zani,0.5,-0.0,0.5,0.0,Chronicler Kizani
zada,0.5,0.5,-0.0,0.0,Captain Zadari
how,1.0,1.0,-0.0,0.0,Howcha
zaban,0.5,0.5,-0.0,0.0,Zabanji
wilani,1.0,-0.0,1.0,0.0,Hae'wilani
nur,0.5,0.5,-0.0,0.0,Nurkala
yel,1.0,1.0,-0.0,0.0,Yelhem
rala,1.0,-0.0,1.0,0.0,Priestess Hu'rala
mando,0.5,0.5,-0.0,0.0,Bloodlord Mandokir
non,2.0,-0.0,2.0,0.0,Joknon;Zan'non
mitsu,0.5,0.5,-0.0,0.0,Mitsuwa
giro,0.5,-0.0,0.5,0.0,Rangiro
tunga,0.5,-0.0,0.5,0.0,Tortunga
udum,1.0,1.0,-0.0,0.0,Priestress Udum'bra
zalan,0.5,0.5,-0.0,0.0,Zalanti
gri,1.0,1.0,-0.0,0.0,Gri'lek
talu,0.5,0.5,-0.0,0.0,Talutu
duri,0.33333334,-0.0,0.33333334,0.0,Maloduri
vori,0.5,0.5,-0.0,0.0,Voriya
zebu,1.0,1.0,-0.0,0.0,Zebu'tan
yus,1.0,-0.0,1.0,0.0,Zayus
wo,2.0,2.0,-0.0,0.0,Wodin the Troll-Servant;Wodyn
tezza,0.5,-0.0,0.5,0.0,Ortezza
kala,9.5,1.5,8.0,0.0,Beast Handler Kalatak;Kala'ma;Ma'da Akala;Blood Witch Pakkala;Ma'da Ren'kala;Soothsayer Shi'kala;Beastlord L'kala;Nurkala;Ja'kala;Jakala the Cruel;Vyse Jin'kala;Zen'kala
razaan,1.0,-0.0,1.0,0.0,Kul'razahn
jem,1.0,1.0,-0.0,0.0,Jemba the Radiant
lu,9.0,1.0,8.0,0.0,Lu'ka de Wall;Blood Witch Yialu;Ruuzlu;Deathwhisperer Kulu;Weaponmaster Halu;Wavesinger Nalu;Conqueror Salu;Vulnullu;Scalper Bazuulu;Ilalu;Zulu de Voice
ze,6.5,6.5,-0.0,0.0,Zerillis;Zuvembi Brewer Zekal;Zena the Feeder;Vessel Zetoa;Zekhan;Zelaji;Zelazstro;Zeya
naga,0.5,-0.0,0.5,0.0,Canaga Earthcaller
kuno,0.5,0.5,-0.0,0.0,Kunojin
aja,0.5,0.5,-0.0,0.0,Ajamon Ghostcaller
ak,6.0,2.0,4.0,0.0,Atal'jani Ack'uff;Prelate Akk'al;Atal'jani Buz'ack;Dra'al the Bloodthirsty;Khal'ak;Zur'ak Firefist
timo,0.5,-0.0,0.5,0.0,Witch Doctor Zentimo
tora,1.0,1.0,-0.0,0.0,Tora'jin
bez,1.0,1.0,-0.0,0.0,Explorer Bezzert
lakras,0.5,-0.0,0.5,0.0,Hex Lord Malacrass
zol,3.0,2.0,1.0,0.0,Warlord Zol'Maz;Zoltrik Bdrakebane;Pele'zol
sensi,0.5,-0.0,0.5,0.0,Misensi
yarz,2.0,1.0,1.0,0.0,Summoner Yarz;Summoner Yarz
sharisan,0.33333334,0.33333334,-0.0,0.0,Sharisanda
ik,2.0,1.0,1.0,0.0,Speaker Ik'nal;Hidetrader Jun'ik
fa,2.5,1.5,1.0,0.0,Fa'tafi;Fazerra;Wavemaster Lanfa
dari,0.5,-0.0,0.5,0.0,Captain Zadari
naha,0.5,-0.0,0.5,0.0,Anaha
buu,1.0,1.0,-0.0,0.0,Buunu
moora,0.5,0.5,-0.0,0.0,Moorabi
wun,1.0,1.0,-0.0,0.0,Blind Wunja
toa,1.0,-0.0,1.0,0.0,Vessel Zetoa
zia,0.5,0.5,-0.0,0.0,Ziaeja
bantea,0.5,0.5,-0.0,0.0,Banteazo
golomo,0.33333334,0.33333334,-0.0,0.0,Voodoo Priest Golomojo
sora,1.5,0.5,1.0,0.0,Soratha;Jin'sora
lar,3.5,-0.0,3.5,0.0,Blood Priest Xak'lar;Witch Doctor Jangalar;Gyasi Ra'lar;Shadow Hunter Rala
lux,1.0,-0.0,1.0,0.0,Malux
cor,1.0,1.0,-0.0,0.0,Corcho
got,1.0,1.0,-0.0,0.0,Gottum
anji,1.0,-0.0,1.0,0.0,Blood Priestess Zu'Anji
raz,6.0,4.0,2.0,0.0,Necrohexxer Raz'ka;Razgaji;Razjuto;Raz'kil the Icy;Razzil;Speaker Malaka'raz;Witchdoctor Unnraz
grez,1.0,1.0,-0.0,0.0,Caprain Grez'ko
nii,1.0,-0.0,1.0,0.0,Jah'nii
aka,6.5,1.5,5.0,0.0,Ma'da Akala;Aka'ali the Conqueror;Corpse Monger Jal'aka;Root-Hexxer Ib'aka;Wise Tu'aka;Mith'aka;Sul'aka
maru,1.5,1.5,-0.0,0.0,Maru'sa;Marukai
mimbi,0.5,0.5,-0.0,0.0,Mimbihi
rahu,1.0,1.0,-0.0,0.0,King Rahu'ai
ruk,1.0,1.0,-0.0,0.0,Ruk'shan
mot,2.0,2.0,-0.0,0.0,Motla;Motrek
zen,21.5,21.5,-0.0,0.0,"High Priestess Zenja;Captain Zen'taga;Zenbaro;Zenda;Taskmaster Zendu;Zenjibo;""Black Eye"" Zenru;Witch Doctor Zentimo;Zen'Aliri;Zen'Balai;Zen'kala;Zen'Kiki;Zen'kili;Zen'tabra;Zen'kin;Zen'Taji;Zen'taki;Zen'tenbi;Zen'tika;Zen'tiki;Zen'Vorka;Zengu;Zenzi"
nai,3.0,2.0,1.0,0.0,Nailok;Frostcaller Nai'jin;Tonai
mon,9.5,-0.0,9.5,0.0,Wavesinger Amon;Hula'mon;Kaymon;Ki'mon;Michul'mon;Ajamon Ghostcaller;Haymon;Mojo Shaper Ojo'mon;Prigmon;Ya'mon
gopo,0.5,-0.0,0.5,0.0,Ogopo
tesin,0.5,0.5,-0.0,0.0,Tesinjo
zaa,3.0,2.0,1.0,0.0,Zah'ki;Zaa'je;Ru'zah
zee,4.0,2.0,2.0,0.0,Zeezu;Zeh'gehn;Jee'zee;Cataloger Prazee
stri,1.0,-0.0,1.0,0.0,Je'stry
zunu,0.5,0.5,-0.0,0.0,Zununu the Undefeated
gef,1.0,1.0,-0.0,0.0,Geffon the Unruly
ral,4.0,2.0,2.0,0.0,Ral'jin;Shanky Ralla;Mah'ral;Vesh'ral
liok,0.5,-0.0,0.5,0.0,Nezzliok the Dire
tortun,0.5,0.5,-0.0,0.0,Tortunga
tari,3.0,1.0,2.0,0.0,Tari'qa;Healer Drak'tari;Chronicler Ash'tari
kaj,2.0,1.0,1.0,0.0,Prelate Kaj'ra;Bladeguard Tarkaj
yan,2.0,1.0,1.0,0.0,Sharpeye Yan'ja;Iyan
kir,0.5,-0.0,0.5,0.0,Bloodlord Mandokir
bar,1.0,-0.0,1.0,0.0,Zabar
jambi,0.5,-0.0,0.5,0.0,Sijambi
rae,2.0,1.0,1.0,0.0,Raenah;Nav'rae
kanya,0.5,0.5,-0.0,0.0,Kanyaku
luz,1.0,-0.0,1.0,0.0,Suluz Wind-Tamer
te,10.0,8.0,2.0,0.0,Theka the Martyr;Meatminder Teki;Stalker Tenoch;Teshunji;Tesinjo;Tezi;High Priest Thekal;Tegashi;Teha;Temanu;Len'te the Bitter;Nuku'te
bu,7.5,1.5,6.0,0.0,Butun the Boneripper;Lucky Bunuji;Hanzabu;Witch Doctor Kejabu;Mambu;Mugjabu;Tanubu;Jo'bu;Spiritbinder Jumjabu;Marksman Udabu;Witch Doctor Umbu
raal,2.0,1.0,1.0,0.0,Hexlord Raal;Hexlord Raal
seji,0.5,0.5,-0.0,0.0,Sejiju
luami,0.5,-0.0,0.5,0.0,Uluami
era,0.5,-0.0,0.5,0.0,Zajera the Huntress
nunu,0.5,-0.0,0.5,0.0,Zununu the Undefeated
gli,1.0,-0.0,1.0,0.0,Warmother Ogli
rezre,0.5,0.5,-0.0,0.0,Rezrelek
gota,0.5,0.5,-0.0,0.0,Atal'zul Gotaka
jane,0.5,0.5,-0.0,0.0,Janena
malo,2.8333333,2.8333333,-0.0,0.0,Deathspeaker Malo'rek;Malo'wa;Maloduri;Seer Malori
masan,1.0,1.0,-0.0,0.0,Trader Masan'ka
bati,0.5,-0.0,0.5,0.0,Beastmother Jabati
jukka,0.5,-0.0,0.5,0.0,Hajukka
zal,6.5,3.0,3.5,0.0,Zal'jen;Zalgo the Explorer;Captain Zalkran;Ban'zal;Exzhal;Li'zal;Zanazal the Wise
nogo,0.5,-0.0,0.5,0.0,Panogo
lo,7.3333335,4.0,3.3333335,0.0,Lo'meli;Wardruid Loti;Lozu;Lorenth Thundercall;Shadowspeaker Angolo;Chulo the Mad;Nepatalo;Orlo the Salve-Maker;Zumolo
lae,1.0,-0.0,1.0,0.0,Aneka Melae
ripa,0.5,0.5,-0.0,0.0,Ripa the Wind Ripper
vo,1.5,0.5,1.0,0.0,Voriya;Elementalist Novo
b,2.0,2.0,-0.0,0.0,Kraal Master B'khor;B'wizati
zola,0.5,0.5,-0.0,0.0,Zolani
rara,0.5,-0.0,0.5,0.0,Marara
xa,2.0,-0.0,2.0,0.0,Elder Leaxa;Vinchaxa;Ahaxxa;Yillixa
ai,3.0,1.0,2.0,0.0,Aitan;Blood-Hunter Dazal'ai;King Rahu'ai
chal,2.0,1.0,1.0,0.0,Paku'ai Chal;Paku'ai Chal
wana,1.0,-0.0,1.0,0.0,Ha'wana
loana,0.5,0.5,-0.0,0.0,Loanati
takan,0.5,-0.0,0.5,0.0,King Rastakhan
taz,9.0,8.0,1.0,0.0,Taz'jin;Taz'la the Vulgar;Taz'kan;Shadow Hunter Taz;Taz'anga;Taz'ishi;Taz'jari;Diviner Taz'to;Shadow Hunter Taz
danda,1.0,-0.0,1.0,0.0,Bo'danda
loduri,0.33333334,-0.0,0.33333334,0.0,Maloduri
prig,1.0,1.0,-0.0,0.0,Prigmon
mash,1.0,-0.0,1.0,0.0,Jumash
rea,1.0,1.0,-0.0,0.0,Reavij
shoja,1.0,1.0,-0.0,0.0,Shoja'my
ara,1.0,-0.0,1.0,0.0,Bloodslayer T'ara
uat,1.0,-0.0,1.0,0.0,Spiritbinder Tec'uat
darash,1.0,-0.0,1.0,0.0,Gal'darash
uru,1.5,1.5,-0.0,0.0,Champion Uru'zin;Uruka the Cutthroat
malaka,1.0,1.0,-0.0,0.0,Speaker Malaka'raz
urzu,0.5,0.5,-0.0,0.0,Shadowbreaker Urzula
zak,4.0,1.0,3.0,0.0,Forgemaster Zak'aal;jin'zakk;Crazzak the Heretic;Veyzhak the Cannibal
kalii,0.5,0.5,-0.0,0.0,Kalyimah Stormcloud
aau,0.5,0.5,-0.0,0.0,Scalper Ahunae
men,0.5,0.5,-0.0,0.0,Mengazi
yen,0.5,0.5,-0.0,0.0,Yenniku
lane,0.5,-0.0,0.5,0.0,Zillane
zun,7.0,5.0,2.0,0.0,Outfitter Zunda;Zun'ja;Zungam;Zunjo of Sen'jin;Zunta;Onu'zun;Thu'zun the Vile
co,3.0,3.0,-0.0,0.0,Co'man;Dockmaster Cobo;Cona
sani,1.5,1.0,0.5,0.0,Sani'i;Tall Hasani
xi,2.0,2.0,-0.0,0.0,Interrogator Xi'pe;Keeper Xibek
tesh,0.5,0.5,-0.0,0.0,Teshyambi
jo,22.333332,12.0,10.333333,0.0,"Headhunter Jo;Jo'chunga;Jo'gus;Darkspeaker Jo'la;Jo'nok, Bulwark of Torcali;Jo'shi;Jorak;Bladeguard Jorana;Jorii;Jo'bu;Jo'mah;Jojindi;Scout Jyoba;Wardrummer Saljo;Bree'jo;""Bad Mojo"" Hojo;Headhunter Jo;Mixin' Mojo Kojo;Rawajo;Tesinjo;Xanjo;Warmaster Bo'jo;Voodoo Priest Golomojo;Vexmaster Nar'jo;Zunjo of Sen'jin"
goda,1.0,-0.0,1.0,0.0,Hexxer Magoda;Element-Tamer Dagoda
vee,2.0,1.0,1.0,0.0,Veesha Blazeweaver;Steelweaver Javee
kan,11.5,1.5,10.0,0.0,Kanga the Primal;Kanyaku;God-Hulk Gulkan;Jabra'kan the Poacher;King Rastakhan;Wavesinger Rekan;Loa Speaker Shan'kan;Surkhan;Taz'kan;Tezlekhan;Zealot Lor'Khan;Rokhan;Zekhan
flin,1.0,-0.0,1.0,0.0,Lin'flin Fowlhunter
ca,0.5,0.5,-0.0,0.0,Canaga Earthcaller
barinka,0.33333334,-0.0,0.33333334,0.0,Gambarinka
ronson,0.5,-0.0,0.5,0.0,Aronson the Vile
diza,1.0,-0.0,1.0,0.0,Jin'diza
raya,0.5,-0.0,0.5,0.0,Moraya
nali,0.5,-0.0,0.5,0.0,Framnali
su,5.5,3.5,2.0,0.0,Suluz Wind-Tamer;Beast Handler Sujani;Sulazi;Su'tila;Sulaka;Tik'su;Venomancer Ant'su
liimaa,0.5,-0.0,0.5,0.0,Kalyimah Stormcloud
zo,5.0,1.5,3.5,0.0,Zolani;Zoga;Duelin' Dinzo;Banteazo;Uzo Deathcaller;Ta'zo
natek,0.5,-0.0,0.5,0.0,Ana Bloodteeth
bergo,0.5,-0.0,0.5,0.0,Chumbergo
gub,2.0,1.0,1.0,0.0,Gub;Gub
jam,1.5,1.5,-0.0,0.0,First Mate Jam'ari;First Mate Jamboya
ko,15.5,6.5,9.0,0.0,Wardruid Ko'chus;Advisor Ko'jan;Kofu;Mixin' Mojo Kojo;Madam Konawla;Ko'ari;Ko'Zan;Otho Mojiko;Tavikko;Bustroll Gozzako;Caprain Grez'ko;Caretaker Patiko;Witch Doctah Toko;Toranko;Loa Speaker Zako;Captain Jalazko;Rit'ko;Mojo Masher Shakko;Wysko
jamon,0.5,-0.0,0.5,0.0,Ajamon Ghostcaller
zenti,0.5,0.5,-0.0,0.0,Witch Doctor Zentimo
mok,1.0,1.0,-0.0,0.0,Shadow Hunter Mok'e
kras,0.5,-0.0,0.5,0.0,Hex Lord Malacrass
mayne,1.0,-0.0,1.0,0.0,Watcher Char'mayne
gazi,0.5,-0.0,0.5,0.0,Mengazi
tamsi,0.5,-0.0,0.5,0.0,Batamsi
roko,1.5,0.5,1.0,0.0,Paku'ai Rokota;Za'roco the Grifter
jil,1.0,1.0,-0.0,0.0,Jil'ti
swede,0.5,-0.0,0.5,0.0,"Ahlswede the ""Mapmon"""
jaz,2.0,1.0,1.0,0.0,Jaz;Jaz
janes,0.5,0.5,-0.0,0.0,Paku'ai Janessa
bomsan,0.5,0.5,-0.0,0.0,Bomsanchu
jashi,1.0,-0.0,1.0,0.0,Ven'jashi
zeril,0.5,0.5,-0.0,0.0,Zerillis
indala,0.33333334,0.33333334,-0.0,0.0,Indalamar
ka,44.333336,22.0,22.333334,0.0,Blood Witch Cazex;Beastrider Kama;Katoom the Angler;Katonga;Ka'reez;Ka'ro the Chopper;Ka'urt;Hexmother Kala;Beast Handler Kalatak;Ra'wani Kanae;Wavesinger Kari;Kaza the Skyblade;Kazerin;Dockmaster Kazibo;Kazoa;Ca'nees;Shadow Hunter Kajassa;Kaluaka;Kasha;Kha'damu;Khajin the Unyielding;Beast Handler Khajuku;Khalan;Kali Remik;Ka'tali Stonetusk;Kalyimah Stormcloud;Amaka the Crawg Ma'da;Chaka the Infused;Warmother Molaka;Theka the Martyr;Tracker Vu'ka;Draska;Necrohexxer Raz'ka;Raka Goldtusk;Atal'zul Gotaka;Hex Priest Haraka;Loa Speaker Jen'ka;Maaka;Trader Masan'ka;Stalker Mojica;Rhan'ka;Siegebreaker Roka;Beastmaster Veayeka;Huntsmaster Vol'ka;Dennika;Sirka Duskfisher;Gambarinka;Hajukka;Kaluaka;Lu'ka de Wall;Raskha;Ravika;Sulaka;Tari'qa;Uruka the Cutthroat
nor,2.5,2.5,-0.0,0.0,Norkani;Eartmender Norsala;Nortet;Nortera
d,1.0,1.0,-0.0,0.0,D'rei
kelaa,1.0,-0.0,1.0,0.0,Senior Sergeant T'kelah
pe,1.5,0.5,1.0,0.0,Pechanga;Interrogator Xi'pe
bugu,0.5,-0.0,0.5,0.0,Witch Doctor Unbugu
ged,1.0,1.0,-0.0,0.0,Ged'kah
mo,12.833334,9.333334,3.5,0.0,Warmother Molaka;Great Mota;Otho Mojiko;Mojambo;Stalker Mojica;Mojoba;Navigator Moye;Mozesha;Mo'jimba;Mojodishu;Mokuja;Morakki;Morango;Moraya;Moxo the Beheader;Ximo the Callous;Witch Doctor Zentimo;Yazmo the Loota;Zi'mo the Empowered
gara,1.0,1.0,-0.0,0.0,Gara'jal the Spiritbinder
zaela,0.5,0.5,-0.0,0.0,Zaelatha
ger,1.0,-0.0,1.0,0.0,Berger the Steadfast
bat,2.0,2.0,-0.0,0.0,Battok the Berseker;Bath'rah the Windwatcher
dakan,0.5,0.5,-0.0,0.0,Enforcer Dakanji
aya,1.0,-0.0,1.0,0.0,Zeal'aya
go,15.833333,3.3333333,12.5,0.0,Warmother Gogatha;Berserker Gola;Wingminder Goja;Atal'zul Gotaka;Voodoo Priest Golomojo;Defector Dazgo;Orgo;Panogo;Chumbergo;Dinomancer Dajingo;Grungo;Jamingo;Trader Munengo;Tongo;Hexxer Ubungo;Atal'jamba Ungo;Zalgo the Explorer;Skumm Bag'go;Durango;Morango;Ptin'go;Yazigo
duru,1.0,-0.0,1.0,0.0,Loa Speaker Kinduru;Zaduru
bek,1.0,-0.0,1.0,0.0,Keeper Xibek
zaluzi,0.33333334,0.33333334,-0.0,0.0,Zaluzibo
ib,1.0,1.0,-0.0,0.0,Root-Hexxer Ib'aka
rabi,0.5,-0.0,0.5,0.0,Moorabi
pro,1.0,1.0,-0.0,0.0,Trader Pro'ditor
wana,2.0,-0.0,2.0,0.0,Headhunter Gal'wana;Blood Guard Hini'wana
jumja,0.5,0.5,-0.0,0.0,Spiritbinder Jumjabu
suwa,0.5,-0.0,0.5,0.0,Mitsuwa
razju,0.5,0.5,-0.0,0.0,Razjuto
ami,0.5,0.5,-0.0,0.0,Amira Blazeweaver
nef,1.0,1.0,-0.0,0.0,Scout Neftis
sala,0.5,-0.0,0.5,0.0,Eartmender Norsala
pi,1.5,0.5,1.0,0.0,Pikake;Elementalist Zapi
juli,0.5,-0.0,0.5,0.0,Death-Caller Majuli
nay,1.0,-0.0,1.0,0.0,Uthel'nay
gari,0.5,-0.0,0.5,0.0,Asgari
guva,1.0,-0.0,1.0,0.0,Arcweaver Jor'guva
zerra,0.5,-0.0,0.5,0.0,Fazerra
bari,0.5,-0.0,0.5,0.0,Chronicler Jabari
dok,1.0,-0.0,1.0,0.0,Braddok
vilnak,1.0,1.0,-0.0,0.0,Vilnak'dor
nav,1.0,1.0,-0.0,0.0,Nav'rae
lori,0.5,-0.0,0.5,0.0,Seer Malori
ber,1.0,1.0,-0.0,0.0,Berger the Steadfast
koa,2.0,1.0,1.0,0.0,Koari;Soothsayer Mirim'koa
mu,4.5,4.0,0.5,0.0,Dunecaster Mu'na;Grave-Caller Muja;Trader Munengo;Muzingi;Munalti;Shadow Hunter Mutumba;Utamu
roi,1.0,1.0,-0.0,0.0,Roitau
yu,2.5,2.5,-0.0,0.0,Yu'rina the Mystic;Yuree;Yuwija
zuka,0.5,0.5,-0.0,0.0,Zukashi
trik,1.0,-0.0,1.0,0.0,Zoltrik Bdrakebane
mug,0.5,0.5,-0.0,0.0,Mugjabu
wala,1.0,-0.0,1.0,0.0,Blind Tra'wala
lor,2.0,2.0,-0.0,0.0,Zealot Lor'Khan;Lorti
zilla,1.5,0.5,1.0,0.0,Zillane;Xen'Zilla
lastro,0.5,-0.0,0.5,0.0,Zelazstro
isin,0.5,0.5,-0.0,0.0,Bloodwitch Ysinna
ojin,1.0,1.0,-0.0,0.0,Ojin'ba
po,1.5,1.0,0.5,0.0,Poki;Ogopo
utel,1.0,1.0,-0.0,0.0,Uthel'nay
an,5.0,3.0,2.0,0.0,Shadowspeaker Angolo;Anji the Thundering;Ansari;An'timon;Ash'an the Empowered;Jammal'an the Prophet
dat,1.0,1.0,-0.0,0.0,Dat'xus
ranik,1.0,-0.0,1.0,0.0,Krah'ranik
fur,0.5,-0.0,0.5,0.0,Jinifur
roza,0.5,-0.0,0.5,0.0,Zaroza the Fleshcarver
moz,3.0,3.0,-0.0,0.0,Moz'jin;Moz'di;Moz'def
chi,2.0,1.0,1.0,0.0,Chizus;Zan'chi
hiki,1.0,-0.0,1.0,0.0,Kaz'hiki
rent,1.0,-0.0,1.0,0.0,Lorenth Thundercall
chu,4.5,3.0,1.5,0.0,Chulo the Mad;Chuba;Chukay;Pachu;Bomsanchu
doha,0.5,0.5,-0.0,0.0,Dohaman the Beast Lord
aron,0.5,0.5,-0.0,0.0,Aronson the Vile
kran,2.0,1.0,1.0,0.0,Wild Kranzae;Captain Zalkran
janza,1.0,-0.0,1.0,0.0,Mil'janza
run,1.0,-0.0,1.0,0.0,Val'run
lui,1.0,1.0,-0.0,0.0,Lui'Mala
naya,0.5,-0.0,0.5,0.0,Vinaya
gal,3.0,3.0,-0.0,0.0,Gal'darash;Icemistress Gal'ha;Headhunter Gal'wana
yeka,0.5,-0.0,0.5,0.0,Beastmaster Veayeka
lek,5.5,-0.0,5.5,0.0,Rezrelek;Caz'lek the Sleetbringer;Gri'lek;Hazlek;Handler Marnlek;Mor'Lek the Dismantler
nakan,0.5,0.5,-0.0,0.0,Nakansi
mai,6.0,5.0,1.0,0.0,Witch Doctor Mai'jin;Mai'ah;Mai'Kyl;Mai'Lahii;Mai'zin;Jamai
keja,0.5,0.5,-0.0,0.0,Witch Doctor Kejabu
dega,0.5,0.5,-0.0,0.0,Salty Degasha
kun,1.0,-0.0,1.0,0.0,Gozda'kun
kuru,1.0,-0.0,1.0,0.0,Overlord Drakuru;Dinomancer Zakuru
gu,3.0,1.5,1.5,0.0,Guran the Frostblade;Gusini;Witch Doctor Unbugu;Zengu
kaanji,0.5,-0.0,0.5,0.0,Makaanji
ji,19.833332,1.5,18.333332,0.0,Jinifur;Una Ji'ro;Warmother Van'ji;Rin'ji;Anji the Thundering;Atulanji;Handler Bazkoji;Lucky Bunuji;Ci'ji;Enforcer Dakanji;Junanji;Junji;Makaanji;Razaji;Razgaji;Bladeguard Sonji;Talanji;Teshunji;Zabanji;Zan'ji;Trader Zatanji;Zuaji;Zubaji Brokenspear;Rejiji;Fishy Ser'ji;Tamanji;Uduji;Zelaji;Auctioneer Ziji
tra,1.5,1.5,-0.0,0.0,Blind Tra'wala;Trayexir
maywi,0.5,0.5,-0.0,0.0,Maywiki
lin,2.0,2.0,-0.0,0.0,Lin'flin Fowlhunter;Fisherman Lin'do
gomba,0.5,0.5,-0.0,0.0,Gombana
sanda,0.33333334,-0.0,0.33333334,0.0,Sharisanda
farbo,0.5,0.5,-0.0,0.0,Farbosi
zug,2.0,1.0,1.0,0.0,Warmother Zug;Warmother Zug
kalla,0.5,-0.0,0.5,0.0,Makalla
hex,3.0,2.0,1.0,0.0,Zabra Hexx;Najak Hexxen;Zabra Hexx
hubo,0.5,-0.0,0.5,0.0,Wind Rinder Jahubo
yal,2.0,1.0,1.0,0.0,Corpse Bringer Yal'kar;Grayal
kru,1.0,1.0,-0.0,0.0,Krugah
man,5.0,0.5,4.5,0.0,Bloodlord Mandokir;Voodooist Timan;Aman de Child;Co'man;Dohaman the Beast Lord;Joro'man
yusha,0.5,-0.0,0.5,0.0,Tayusha
dru,3.0,2.0,1.0,0.0,Druga;Siegebreaker Druku;A'dru
fira,0.5,-0.0,0.5,0.0,Elfyra
huta,1.0,-0.0,1.0,0.0,K'huta
tiri,1.0,-0.0,1.0,0.0,Ku'tiri the Claw
xus,1.0,-0.0,1.0,0.0,Dat'xus
haz,2.0,2.0,-0.0,0.0,Haz'waz the Toxic;Hazlek
magu,0.5,0.5,-0.0,0.0,Magura
moran,0.5,0.5,-0.0,0.0,Morango
gai,1.0,-0.0,1.0,0.0,Sagai
pano,0.5,0.5,-0.0,0.0,Panogo
jan,7.0,4.0,3.0,0.0,Jan'li;Witch Doctor Jangalar;Janraja;Tuskmender Jan'zu;Jandi;Advisor Ko'jan;Sur'jan;Windcaller Ula'jan
ta,33.0,16.0,17.0,0.0,Tavikko;Ta'mil Nadu;Talak;Talanji;Silent Tali;Captain Talisa;Talutu;Tanubu;Tayo;Tayusha;Captive Ta'dom;Ta'jari;Flame Bender Ta'jin;Lieutenant Ta'zinni;Ta'zo;Tamanji;Ritualist Tarak;Tatai;Tayemba;Tazan;Warmother Gogatha;Jun'ta;Hydromancer Kulratha;Great Mota;Hydromancer Velratha;Jintha;Loa Speaker Sij'ta;Stalker Gilta;Hun'ta;Happy Jolta;Meiwatha;Paku'ai Noshata;High Prelate Rata;Paku'ai Rokota;Ki'ta Arrowtusk;Drifta;Loa Priestess Izita;Parata;Soratha;Zaelatha;Shadow Hunter Zasta;Zunta
daa,3.0,2.0,1.0,0.0,Daakara;Zajera the Huntress;Witch Doctor Daara;Witch Doctor Tza'dah
hara,1.0,0.5,0.5,0.0,Hex Priest Haraka;Loa-Speaker Kihara
rin,6.5,4.0,2.5,0.0,Rinling;Rin'ji;Rin'wosho the Trader;Rin'zaka the Galefist;Kazerin;Zelrin;Vel'rin Fang
mit,2.0,2.0,-0.0,0.0,Mithrethis the Enchanter;Mith'aka;Mitsuwa
kino,1.0,-0.0,1.0,0.0,Chronicler Laz'Kino
zab,2.0,2.0,-0.0,0.0,Chef Zab'aji;Zabrax
jibo,1.5,-0.0,1.5,0.0,Zenjibo;Foreman Al'jibo
tat,1.0,-0.0,1.0,0.0,Zul'that Steeltusk
shunji,0.5,-0.0,0.5,0.0,Teshunji
tai,5.5,2.5,3.0,0.0,Taiani;Tai'jin;Tai'tasi;Itai;Lono'tai;Tatai
yambi,0.5,-0.0,0.5,0.0,Teshyambi
bwu,1.0,1.0,-0.0,0.0,Shadow Hunter Bwu'ja
nezli,0.5,0.5,-0.0,0.0,Nezzliok the Dire
vok,1.0,1.0,-0.0,0.0,Vok'fon
yee,1.0,1.0,-0.0,0.0,Yeh'kinya
raki,1.0,-0.0,1.0,0.0,Beastmaster Horaki;Paku'ai Verraki
jiko,0.5,-0.0,0.5,0.0,Otho Mojiko
kinya,1.0,-0.0,1.0,0.0,Yeh'kinya
jojin,0.5,0.5,-0.0,0.0,Jojindi
tar,6.0,1.0,5.0,0.0,Bladeguard Tarkaj;Paku'ai Jetar;Grenthar;General Vol'tar;Wik'Tar;Mojo Doctor Zin'tar
yuwi,0.5,0.5,-0.0,0.0,Yuwija
nia,0.5,-0.0,0.5,0.0,Mojo Mistress Zurania
amee,0.5,0.5,-0.0,0.0,Ameenah
guk,2.0,-0.0,2.0,0.0,Hexxer Zas'guk;Vol'guk
gan,7.0,3.0,4.0,0.0,Gan'dranda;Volda Gan'dra;Gan'zulah;Mrogan;Warlord Jugan;Kor'ghan;Tor'gan
teshun,0.5,0.5,-0.0,0.0,Teshunji
von,1.0,1.0,-0.0,0.0,Servant Vonja
muna,0.5,-0.0,0.5,0.0,Yamuna
kaya,0.33333334,-0.0,0.33333334,0.0,Awakaya
mal,3.0,3.0,-0.0,0.0,Enforcer Malzon;Blood Guard Mal'wani;Water Mal'wi
noka,1.0,1.0,-0.0,0.0,Nokali the Scarred;Nokano
alaske,0.33333334,0.33333334,-0.0,0.0,Alascene
toon,1.0,-0.0,1.0,0.0,Hexmaster Bastoon
natal,1.0,1.0,-0.0,0.0,Natal'hakata
koo,4.0,4.0,-0.0,0.0,Koo'li;Beast Handler Kooley;Kooma;Witch Doctor Koo'zar
bana,0.5,-0.0,0.5,0.0,Gombana
norte,0.5,0.5,-0.0,0.0,Nortera
shai,2.0,1.0,1.0,0.0,Shadow Priestess Shai;Shadow Priestess Shai
tsu,2.0,-0.0,2.0,0.0,Sian'tsu;Xao'tsu
xiz,1.0,1.0,-0.0,0.0,Xiz'ro
nati,0.5,-0.0,0.5,0.0,Loanati
zelas,0.5,0.5,-0.0,0.0,Zelazstro
drek,1.0,1.0,-0.0,0.0,Drek'Maz
kaga,1.0,-0.0,1.0,0.0,Zim'kaga
muk,1.0,-0.0,1.0,0.0,God-Hulk Ramuk
buz,1.0,1.0,-0.0,0.0,Atal'jani Buz'ack
ungal,0.5,0.5,-0.0,0.0,Lookout Ungalra
hake,1.0,-0.0,1.0,0.0,Provisioner Jin'hake
brad,1.0,1.0,-0.0,0.0,Braddok
onu,1.0,1.0,-0.0,0.0,Onu'zun
lazko,0.5,-0.0,0.5,0.0,Captain Jalazko
len,1.0,1.0,-0.0,0.0,Len'te the Bitter
ci,1.0,1.0,-0.0,0.0,Ci'ji
tala,1.0,-0.0,1.0,0.0,Jin'thala
set,1.0,-0.0,1.0,0.0,Bo'tzun Maset
ram,1.0,-0.0,1.0,0.0,Kilram
chan,1.0,1.0,-0.0,0.0,Chief Chan'Tika
bamba,0.5,-0.0,0.5,0.0,Wind Rider Sabamba
shi,9.0,2.0,7.0,0.0,Soothsayer Shi'kala;Shi'ri;Jo'shi;Seshi;Vanashi;Zukashi;Zunashi the Exile;Banshi;Hanashi;Tegashi;Blood Guard Zar'shi;Archivist Zubashi
mar,6.333333,4.0,2.3333333,0.0,Huntsman Markhor;Marli Two-Toes;Mar'Lee;High Priestess Mar'li;Nimar the Slayer;Tol'mar;Indalamar
muzin,0.5,0.5,-0.0,0.0,Muzingi
yaz,2.0,2.0,-0.0,0.0,Yazma;Yazmo the Loota
kee,2.0,1.0,1.0,0.0,Qeeju;Captain Paikee
axa,0.5,-0.0,0.5,0.0,Elder Leaxa
son,2.5,1.0,1.5,0.0,Bladeguard Sonji;Aronson the Vile;Taxson
holaw,0.5,0.5,-0.0,0.0,Happy Holaua
kresh,2.0,1.0,1.0,0.0,Kresh the Ripper;Kresh the Ripper
tro,0.5,-0.0,0.5,0.0,Zelazstro
ahax,0.5,0.5,-0.0,0.0,Ahaxxa
taia,0.5,0.5,-0.0,0.0,Taiani
rinka,0.33333334,-0.0,0.33333334,0.0,Gambarinka
maaar,0.5,0.5,-0.0,0.0,Maharba
inda,0.33333334,0.33333334,-0.0,0.0,Indalamar
nurka,0.5,0.5,-0.0,0.0,Nurkala
nok,4.0,2.0,2.0,0.0,"Nok'tal;Nok'tal the Savage;Jo'nok, Bulwark of Torcali;Stalker Tenoch"
kiha,0.5,0.5,-0.0,0.0,Loa-Speaker Kihara
zatan,0.5,0.5,-0.0,0.0,Trader Zatanji
bas,1.0,1.0,-0.0,0.0,Hexmaster Bastoon
kaz,5.0,4.0,1.0,0.0,Caz'lek the Sleetbringer;Kaz'arin;Kaz'hiki;Kazkaz the Unholy;Kazkaz the Unholy
gazul,1.0,-0.0,1.0,0.0,Var'gazul
kiki,1.0,-0.0,1.0,0.0,Zen'Kiki
z,0.5,0.5,-0.0,0.0,Zgordo the Burtalizer
ana,2.0,2.0,-0.0,0.0,Anaha;Ana'thek the Curel;Ana Bloodteeth
vin,1.5,0.5,1.0,0.0,Vinchaxa;Ranvin
se,7.5,6.5,1.0,0.0,Secott the Goldsmith;Sejiju;Enforcer Sekal;Seshi;Seshuli;Searn Firewarder;Se'Jib;Sesebi;Beast Handler Tunse
gran,2.0,1.0,1.0,0.0,Quartermaster Gran;Quartermaster Gran
zumo,0.5,0.5,-0.0,0.0,Zumolo
fon,3.0,-0.0,3.0,0.0,Kril'fon;Geffon the Unruly;Vok'fon
pak,0.5,0.5,-0.0,0.0,Blood Witch Pakkala
gaa,2.0,1.0,1.0,0.0,Gahju;Krugah
kini,2.5,-0.0,2.5,0.0,Chronicler Bah'Kini;Chronicler To'kini;Doomsayer Volkini
sara,1.0,-0.0,1.0,0.0,Atal'Akunda Ver'sara
zenba,0.5,0.5,-0.0,0.0,Zenbaro
sian,2.0,2.0,-0.0,0.0,Sian'dur;Sian'tsu
uma,1.0,1.0,-0.0,0.0,Uma'wi
sinjo,0.5,-0.0,0.5,0.0,Tesinjo
arili,1.0,-0.0,1.0,0.0,Tak'arili
ga,20.5,4.5,16.0,0.0,Soul-Speaker Galani;Gawanil;Gano;Ghaliri;Farseer Gadra;Master Gadrin;Totem Maker Jash'ga;Mama Junga;Poz'ga the Butcher Queen;Xuxuga;Mazoga;Zumonga;Baga the Frostshield;Katonga;Qiaga the Keeper;Shinga Deathwalker;Druga;Witch Doctor Oinga;Du'ga;Canaga Earthcaller;Kanga the Primal;Pechanga;Tortunga;Jory Zaga;Berserker Zanga;Zoga
shim,2.0,1.0,1.0,0.0,Shim'la;Sian'Shim
rana,0.5,-0.0,0.5,0.0,Bladeguard Jorana
zim,2.0,2.0,-0.0,0.0,Warlord Zim'bo;Zim'kaga
otem,0.5,0.5,-0.0,0.0,Spearcrafter Otembe
zare,0.5,-0.0,0.5,0.0,Tizare
joba,0.5,-0.0,0.5,0.0,Mojoba
bashi,0.5,-0.0,0.5,0.0,Archivist Zubashi
rok,1.5,-0.0,1.5,0.0,Retherokk the Berserker;Jin'rokh
atee,0.5,0.5,-0.0,0.0,Grand Ma'da Ateena
gada,0.5,-0.0,0.5,0.0,Dregada
galo,1.0,1.0,-0.0,0.0,Raptari Galo'wey
groz,1.0,1.0,-0.0,0.0,Grozztok the Blackheart
si,5.5,1.5,4.0,0.0,Si'va;Sijambi;Paku'ai Jasi;Queen Wasi;Batamsi;Farbosi;Misensi;Nakansi
xuju,0.5,-0.0,0.5,0.0,Xenxuju
bunti,0.5,-0.0,0.5,0.0,Ubunti the Shade
rakka,1.0,1.0,-0.0,0.0,Warmother Rakkali;Rakkaha
roo,1.0,1.0,-0.0,0.0,Rooma
win,1.0,1.0,-0.0,0.0,Win'sa
kii,1.0,-0.0,1.0,0.0,Zikii
kon,2.3333333,0.33333334,2.0,0.0,Kontokanis;Interrogator Ekon;Ba'kon
neu,1.0,-0.0,1.0,0.0,Je'neu Sancrea
tenbi,1.0,-0.0,1.0,0.0,Zen'tenbi
jabra,1.0,1.0,-0.0,0.0,Jabra'kan the Poacher
ray,2.0,2.0,-0.0,0.0,Ray'zon;Ray'ma
beeto,0.5,-0.0,0.5,0.0,Old Umbehto
chel,1.0,1.0,-0.0,0.0,Loa Speaker Chel'ra
velra,0.5,0.5,-0.0,0.0,Hydromancer Velratha
sha,13.333333,4.833333,8.5,0.0,Shakor;Shado;Shakaeja;Sharisanda;Sha'kar;Ambassador Shala;Salty Degasha;Weaver Anaasha;Mozesha;Ra'sha;Tasha;Tayusha;Veesha Blazeweaver;Kasha;Magasha;Rasha Stonetusk;Exorcist Vaisha
draku,0.5,0.5,-0.0,0.0,Overlord Drakuru
vaz,1.0,1.0,-0.0,0.0,Vaz'rek
kunda,0.5,-0.0,0.5,0.0,Hexweaver Jakunda
jit,0.5,-0.0,0.5,0.0,Marajit
lazane,0.33333334,-0.0,0.33333334,0.0,Zalazane
keji,0.5,0.5,-0.0,0.0,Kejina
elfi,0.5,0.5,-0.0,0.0,Elfyra
zilzi,0.5,0.5,-0.0,0.0,Zilzibin
butu,0.5,-0.0,0.5,0.0,Habutu
husin,1.0,-0.0,1.0,0.0,Jamil Abul'housin
poz,1.0,1.0,-0.0,0.0,Poz'ga the Butcher Queen
vari,0.33333334,-0.0,0.33333334,0.0,Zandelvari
geba,1.0,1.0,-0.0,0.0,Geba'li
changa,0.5,-0.0,0.5,0.0,Pechanga
sver,1.0,1.0,-0.0,0.0,Sverre
hola,1.5,1.5,-0.0,0.0,Holaja Da Drunk;First Sergeant Hola'mahi
pika,0.5,0.5,-0.0,0.0,Pikake
baji,0.5,-0.0,0.5,0.0,Zubaji Brokenspear
namana,0.25,-0.0,0.25,0.0,Juwanamana
ras,4.0,3.0,1.0,0.0,King Rastakhan;Ras'fari Bloodfrenzy;Stone Guard Rasconi;Raskha;Zul'ras
hini,1.5,1.0,0.5,0.0,Blood Guard Hini'wana;Vehini
konto,0.33333334,0.33333334,-0.0,0.0,Kontokanis
mishi,0.5,0.5,-0.0,0.0,Mishiki
oin,0.5,0.5,-0.0,0.0,Witch Doctor Oinga
mat,1.0,1.0,-0.0,0.0,Beastcaller Mat'talor
spar,1.0,1.0,-0.0,0.0,Shadow Hunter Spar'kuhl
tezle,0.5,0.5,-0.0,0.0,Tezlekhan
tok,4.0,-0.0,4.0,0.0,Battok the Berseker;Enforcer Gortok;Grozztok the Blackheart;Witch Doctor Hez'tok
sad,1.0,-0.0,1.0,0.0,E'sad
kai,4.0,1.5,2.5,0.0,Kaiani;Senior Sergeant Kai'jin;Marukai;Mojo'kai;Veka'kai
ros,1.0,1.0,-0.0,0.0,Champion Ros'slai
ling,1.0,-0.0,1.0,0.0,Rinling
mee,1.0,-0.0,1.0,0.0,Sameh
zoona,1.0,-0.0,1.0,0.0,Ja'zoona
damu,1.0,-0.0,1.0,0.0,Kha'damu
zela,0.5,0.5,-0.0,0.0,Zelaji
vincha,0.5,0.5,-0.0,0.0,Vinchaxa
gin,2.0,2.0,-0.0,0.0,Gin'jim;Ginza Darktusk
giran,1.0,1.0,-0.0,0.0,Gyran'zul
vuza,1.0,1.0,-0.0,0.0,Vuza'jin
laz,1.5,1.5,-0.0,0.0,Chronicler Laz'Kino;Shadow Hunter Laztoki
razal,1.0,1.0,-0.0,0.0,Razal'blade
ho,2.0,2.0,-0.0,0.0,"""Bad Mojo"" Hojo;Holaja Da Drunk;Happy Holaua"
yexir,0.5,-0.0,0.5,0.0,Trayexir
jashni,1.0,-0.0,1.0,0.0,Va'jashni
aal,1.5,0.5,1.0,0.0,"Ahlswede the ""Mapmon"";Forgemaster Zak'aal"
ma,30.333332,19.333332,11.0,0.0,Mazoga;Hexxer Magoda;Death-Caller Majuli;Frost King Malakk;Magovu;Hex Lord Malacrass;Ma'ri;Makaanji;Makalla;Cooka Mala;Acolyte Mali;Bo'tzun Maset;Matan;Historian Ma'di;Magasha;Magura;Makasgar;Makavu;Makuli;Shadow Hunter Mala;Shadow Hunter Maloa;Maloduri;Seer Malori;Malux;Marah;Marara;Marukai;Marajit;Warmother Boatema;Blood Witch Najima;Beastrider Kama;Dadooma;Hekima the Wise;Juma;Kooma;Rooma;Yazma;Jakama;Kala'ma;Kaulema the Mover;Priovisioner Rashma;Ray'ma
jek,2.0,2.0,-0.0,0.0,Jek'kwa;High Priestess Jeklik
dae,1.0,-0.0,1.0,0.0,Caretaker Padae
shakae,0.5,0.5,-0.0,0.0,Shakaeja
uja,0.5,0.5,-0.0,0.0,"Zia ""Sortcuts"" Ujani"
xis,0.5,-0.0,0.5,0.0,High Priest Venoxis
fal,2.0,1.0,1.0,0.0,Falthir the Sightless;Nofal
ver,1.5,1.5,-0.0,0.0,Atal'Akunda Ver'sara;Paku'ai Verraki
mozo,1.0,1.0,-0.0,0.0,Mooncaller Mozo'kas
antu,1.0,1.0,-0.0,0.0,Antu'sul
ki,15.5,5.5,10.0,0.0,Khila;Ki'mon;Loa-Speaker Kihara;Chronicler Kizani;Ki'ta Arrowtusk;Ki'agnuu;Kijara;Beastmaster Horaki;Maywiki;No'ci the Scribe;Nolaki;Poki;Shaz'ki;Meatminder Teki;Paku'ai Verraki;Zah'ki;Barder Zitaki;Shadow Hunter Laztoki;Mishiki;Morakki;Tooki
ubun,1.0,1.0,-0.0,0.0,Hexxer Ubungo;Ubunti the Shade
di,4.0,-0.0,4.0,0.0,Moz'di;Jandi;Seer Janidi;Jojindi;Historian Ma'di
col,1.0,1.0,-0.0,0.0,Col'in
mahi,2.0,-0.0,2.0,0.0,First Sergeant Hola'mahi;Hula'mahi
bwate,0.5,0.5,-0.0,0.0,Warmother Boatema
katon,0.5,0.5,-0.0,0.0,Katonga
ar,4.0,3.0,1.0,0.0,Arbo;High Priestess Arlokk;Khar'vaxal the Cracked;Jet'ar
kano,0.5,-0.0,0.5,0.0,Nokano
akan,0.5,0.5,-0.0,0.0,Akanja
zua,3.0,2.0,1.0,0.0,Zuaba Sonja;Zuaji;Hana'zua
jub,1.0,1.0,-0.0,0.0,Jub'waz
wanamana,0.25,-0.0,0.25,0.0,Juwanamana
ken,2.0,2.0,-0.0,0.0,Ken'jai;Ken'zigla
ose,0.5,0.5,-0.0,0.0,Ohseso
hena,0.5,-0.0,0.5,0.0,Vehena
rat,1.0,-0.0,1.0,0.0,High Warlord Volrath
yili,0.5,0.5,-0.0,0.0,Yillixa
jindi,0.5,-0.0,0.5,0.0,Jojindi
tal,6.0,4.0,2.0,0.0,Thal'trak Proudtusk;Tal'jin;Tal'zin;Talza;Nok'tal;Nok'tal the Savage
agnuu,1.0,-0.0,1.0,0.0,Ki'agnuu
risanda,0.33333334,-0.0,0.33333334,0.0,Sharisanda
zendo,1.0,1.0,-0.0,0.0,Zendo'jian
sana,0.5,-0.0,0.5,0.0,Argent Quartermaster Hasana
kanja,0.5,-0.0,0.5,0.0,Akanja
dazal,1.0,1.0,-0.0,0.0,Blood-Hunter Dazal'ai
tali,1.5,0.5,1.0,0.0,Captain Talisa;Ka'tali Stonetusk
mor,4.5,4.5,-0.0,0.0,Mor'fani the Exile;Mor'Lek the Dismantler;Mor'riz;Mor'vek;Tiev Mordune
tul,6.0,1.0,5.0,0.0,"Tul'jun the Dreamer;Rak'tul, Vessel of Souls;Vex'tul;Han'thul;Shenthul;Zorak'tul"
bur,1.0,1.0,-0.0,0.0,Gheeda Bur'tan
duran,0.5,0.5,-0.0,0.0,Durango
sula,1.0,1.0,-0.0,0.0,Sulazi;Sulaka
toki,0.5,-0.0,0.5,0.0,Shadow Hunter Laztoki
riz,1.0,-0.0,1.0,0.0,Mor'riz
kaia,0.5,0.5,-0.0,0.0,Kaiani
vex,1.0,1.0,-0.0,0.0,Vex'tul
tor,4.5,3.5,1.0,0.0,Tor'gan;Witch Doctor Tor'gash;Blood Guard Tor'zin;Tortunga;Molthor
krag,1.0,1.0,-0.0,0.0,Krag'jin
chus,1.0,-0.0,1.0,0.0,Wardruid Ko'chus
arn,1.0,-0.0,1.0,0.0,Searn Firewarder
shak,1.0,1.0,-0.0,0.0,Mojo Masher Shakko
latra,0.5,-0.0,0.5,0.0,Zulathra
vuz,1.0,1.0,-0.0,0.0,Vuz'din
mola,0.5,0.5,-0.0,0.0,Warmother Molaka
k,1.0,1.0,-0.0,0.0,K'huta
shaa,0.5,0.5,-0.0,0.0,The Matron Shaazula
tika,1.0,-0.0,1.0,0.0,Zen'tika
zjol,1.0,1.0,-0.0,0.0,Zjolnir
gil,2.0,1.0,1.0,0.0,Stalker Gilta;Xur'gyl
rei,2.0,1.0,1.0,0.0,Reiyon;D'rei
zul,15.0,8.0,7.0,0.0,Zul;Zul'aki the Headhunter;Zul'that Steeltusk;Zul'ajik;Zul'armon;Zul'iste;Zul'ras;Zul'tore;Chronicler Grazzul;Gyran'zul;Bladeguard Hozzul;Prophet Khar'zul;Ranzul Sonja;Zul;Lunzul
hana,2.5,1.5,1.0,0.0,Hana'zua;Hanashi;Zay'hana
wan,1.0,-0.0,1.0,0.0,Shadow Hunter J'wan
kontoka,0.33333334,0.33333334,-0.0,0.0,Kontokanis
raa,5.0,1.0,4.0,0.0,Rah'chil;Witch Doctor Zum'rah;Zarah;Bath'rah the Windwatcher;Marah
pari,0.5,-0.0,0.5,0.0,Apari
nere,0.5,0.5,-0.0,0.0,First Mate Nereus
yaka,1.0,1.0,-0.0,0.0,Elder Yaka'li
mol,1.0,1.0,-0.0,0.0,Molthor
cin,1.0,1.0,-0.0,0.0,Chin'ika
dadoo,0.5,0.5,-0.0,0.0,Dadooma
vea,0.5,0.5,-0.0,0.0,Beastmaster Veayeka
shaazu,0.5,0.5,-0.0,0.0,The Matron Shaazula
tu,6.5,5.5,1.0,0.0,Wise Tu'aka;Spiritbinder Tu'check;Tusajia;Thu'zun the Vile;Tula;Tunari;Tuneja;Habutu;Talutu
zari,3.0,1.5,1.5,0.0,Zari'zari;Zariya;Huntress Kuzari;Zari'zari
kansi,0.5,-0.0,0.5,0.0,Nakansi
vehe,0.5,0.5,-0.0,0.0,Vehena
mordu,0.5,0.5,-0.0,0.0,Tiev Mordune
vej,1.0,1.0,-0.0,0.0,Vejrek
skai,2.0,1.0,1.0,0.0,Pa'kura Skai;Pa'kura Skai
hae,1.0,1.0,-0.0,0.0,Hae'wilani
yera,1.0,-0.0,1.0,0.0,X'yera
xur,1.0,1.0,-0.0,0.0,Xur'gyl
oba,0.5,0.5,-0.0,0.0,Speaker Obara
grik,1.0,1.0,-0.0,0.0,Grik'nir the Cold
bi,4.5,2.0,2.5,0.0,Bi'li;Biru The Drunk;Moorabi;Razambi the Drunk;Teshyambi;Sesebi;Sijambi
nea,1.0,-0.0,1.0,0.0,Loa Speaker Nanea
zus,1.0,-0.0,1.0,0.0,Chizus
or,3.5,3.5,-0.0,0.0,Conqueror Or'sosh;Orgo;Orlo the Salve-Maker;Ortezza
xuga,0.5,-0.0,0.5,0.0,Xuxuga
bul,1.0,-0.0,1.0,0.0,Jabul
mim,0.5,0.5,-0.0,0.0,Mimbihi
neka,0.5,0.5,-0.0,0.0,Nekali
asga,0.5,0.5,-0.0,0.0,Asgari
kaju,0.5,0.5,-0.0,0.0,Beast Handler Khajuku
ortez,0.5,0.5,-0.0,0.0,Ortezza
jal,2.0,1.0,1.0,0.0,Corpse Monger Jal'aka;Gara'jal the Spiritbinder
dabu,0.5,-0.0,0.5,0.0,Marksman Udabu
rash,1.0,1.0,-0.0,0.0,Priovisioner Rashma
mazo,0.5,0.5,-0.0,0.0,Mazoga
skar,0.5,-0.0,0.5,0.0,Earthcaller Torunscar
ard,1.0,1.0,-0.0,0.0,Ardsami
kili,2.0,-0.0,2.0,0.0,Mala'kili;Zen'kili
yazi,0.5,0.5,-0.0,0.0,Yazigo
kulu,1.0,-0.0,1.0,0.0,Venomancer T'Kulu
zumon,0.5,0.5,-0.0,0.0,Zumonga
hula,2.0,2.0,-0.0,0.0,Hula'mon;Hula'mahi
meya,0.5,-0.0,0.5,0.0,Infiltrator Hameya
jen,4.0,2.0,2.0,0.0,Loa Speaker Jen'ka;Jen'shan;Zal'jen;Bookie Vel'jen
lalu,0.5,-0.0,0.5,0.0,Ilalu
jakun,0.5,0.5,-0.0,0.0,Hexweaver Jakunda
lis,0.5,-0.0,0.5,0.0,Zerillis
makaan,0.5,0.5,-0.0,0.0,Makaanji
laja,0.5,-0.0,0.5,0.0,Holaja Da Drunk
bosi,0.5,-0.0,0.5,0.0,Farbosi
tashal,1.0,-0.0,1.0,0.0,Portalkeeper Jin'tashal
wee,1.0,-0.0,1.0,0.0,Kilweh
kuke,1.0,1.0,-0.0,0.0,Headhunter Kuce'ba
zaro,0.5,0.5,-0.0,0.0,Zaroza the Fleshcarver
sho,1.0,1.0,-0.0,0.0,Deathspeaker Sho'jin
gashi,0.5,-0.0,0.5,0.0,Tegashi
trak,3.0,1.0,2.0,0.0,Trak Tuskbender;Trak Tuskbender;Thal'trak Proudtusk
teazo,0.5,-0.0,0.5,0.0,Banteazo
hane,1.0,1.0,-0.0,0.0,Hane'ke
kuja,0.5,-0.0,0.5,0.0,Mokuja
wa,8.5,3.0,5.5,0.0,Zunaga Wana;Queen Wasi;Granda Watae;Meli'wa;Beastcaller Tuk'wa;Malo'wa;Mitsuwa;Tigowa;Umbiwa;Witch Doctor Unbagwa;Zuriwa the Hexxer
vi,1.5,0.5,1.0,0.0,Vinaya;Sa'vi
nojin,0.5,-0.0,0.5,0.0,Kunojin
wizati,1.0,-0.0,1.0,0.0,B'wizati
batam,0.5,0.5,-0.0,0.0,Batamsi
uu,1.0,1.0,-0.0,0.0,Uh'gali
tune,0.5,0.5,-0.0,0.0,Tuneja
galar,0.5,-0.0,0.5,0.0,Witch Doctor Jangalar
loz,2.0,1.0,1.0,0.0,Loz the Paku'ai;Loz the Paku'ai
sami,1.0,-0.0,1.0,0.0,Ardsami
hala,1.0,-0.0,1.0,0.0,Kil'hala
jaa,2.0,2.0,-0.0,0.0,Jahden Fla;Jah'nii
talor,1.0,-0.0,1.0,0.0,Beastcaller Mat'talor
duk,1.0,-0.0,1.0,0.0,Shadow Hunter Zel'duk
jaka,1.0,1.0,-0.0,0.0,Jakala the Cruel;Jakama
ex,1.0,1.0,-0.0,0.0,Exzhal
sur,2.0,2.0,-0.0,0.0,Sur'jan;Surkhan
tika,1.0,-0.0,1.0,0.0,Chief Chan'Tika
jia,2.5,-0.0,2.5,0.0,Basher Nujia;Tusajia;Ujia
gee,2.0,1.0,1.0,0.0,Gheera;Kyunghee
wemba,0.5,-0.0,0.5,0.0,Sawemba
i,7.0,5.0,2.0,0.0,Bloodwitch Ysinna;Vessel Iluna;Atal'jamba Iri;Itai;Iyan;Ilalu;Loa Priestess Izita;Sani'i;Witch Doctor Uzer'i
zibo,1.3333334,-0.0,1.3333334,0.0,Stalker Azibo;Dockmaster Kazibo;Zaluzibo
jini,0.5,0.5,-0.0,0.0,Jinifur
jika,0.5,-0.0,0.5,0.0,Stalker Mojica
nara,0.5,-0.0,0.5,0.0,High Priestess Kilnara
yon,1.0,-0.0,1.0,0.0,Reiyon
tembe,0.5,-0.0,0.5,0.0,Spearcrafter Otembe
ree,2.0,-0.0,2.0,0.0,Saree;Yuree
lixa,0.5,-0.0,0.5,0.0,Yillixa
mojam,0.5,0.5,-0.0,0.0,Mojambo
bwa,0.5,0.5,-0.0,0.0,Warmother Boatema
l,1.0,1.0,-0.0,0.0,Beastlord L'kala
zandelva,0.33333334,0.33333334,-0.0,0.0,Zandelvari
zin,12.5,5.5,7.0,0.0,Zinja Ujomei;Warcaller Zin'bawa;Zin'boja;Zin'Jun;Mojo Doctor Zin'tar;Zinzula;Kray'zin Firetusk;Kil'zin of the Bloodscalp;Kil'zin of the Darkspear;Mai'zin;Tal'zin;Blood Guard Tor'zin;Champion Uru'zin
lani,2.0,-0.0,2.0,0.0,Soul-Speaker Galani;Zolani;Shapemaster Za'lani
kiza,0.5,0.5,-0.0,0.0,Chronicler Kizani
juwana,0.25,0.25,-0.0,0.0,Juwanamana
bihi,0.5,-0.0,0.5,0.0,Mimbihi
dom,1.0,-0.0,1.0,0.0,Captive Ta'dom
tanu,0.5,0.5,-0.0,0.0,Tanubu
waza,1.0,-0.0,1.0,0.0,Ra'waza Stonerus
orik,1.0,1.0,-0.0,0.0,Orik'ando
nuku,1.0,1.0,-0.0,0.0,Nuku'te
unbag,0.5,0.5,-0.0,0.0,Witch Doctor Unbagwa
sul,5.0,2.0,3.0,0.0,Sul the Sandcrawler;Sul'aka;Antu'sul;Sul the Sandcrawler;Lookout Vor'sul
tula,1.5,1.0,0.5,0.0,Arcanital Tula'chek;Guard Untula
hodo,0.5,-0.0,0.5,0.0,Great Hexer Ohodo
lutal,1.0,-0.0,1.0,0.0,Beastcaller Aht'lutal
juul,1.0,-0.0,1.0,0.0,Xor'juul
kari,1.5,-0.0,1.5,0.0,Ba'kari;Witch Doctor Hukari
ansa,0.5,0.5,-0.0,0.0,Ansari
sosh,1.0,-0.0,1.0,0.0,Conqueror Or'sosh
zu,17.5,14.0,3.5,0.0,Blood Priestess Zu'Anji;Wardrummer Zurula;Zumonga;Zujai;Zukashi;Zulathra;Zuna;Zunashi the Exile;Zununu the Undefeated;Zuteebe;Witchdoctor Zuwei;Zubaji Brokenspear;Archivist Zubashi;Zulu de Voice;Zumolo;Zuni;Zurai;Mojo Mistress Zurania;Zuriwa the Hexxer;Shadow-Walker Zuru;Lozu;Bakkalzu;Tuskmender Jan'zu;Zeezu
sinna,0.5,-0.0,0.5,0.0,Bloodwitch Ysinna
kraz,1.5,1.5,-0.0,0.0,Warleader Krazzilak;Crazzak the Heretic
longo,1.0,-0.0,1.0,0.0,Ongo'longo
kaza,2.0,1.0,1.0,0.0,Kaza'jin the Wavebinder;Rez'caza
gozda,1.0,1.0,-0.0,0.0,Gozda'kun
laju,0.5,-0.0,0.5,0.0,Lilaju
chil,1.0,-0.0,1.0,0.0,Rah'chil
tre,1.0,1.0,-0.0,0.0,Tre'bah
dago,0.5,0.5,-0.0,0.0,Element-Tamer Dagoda
vees,1.0,-0.0,1.0,0.0,Helmsman Da'vees
gam,1.3333334,0.33333334,1.0,0.0,Gambarinka;Zungam
ve,1.5,1.5,-0.0,0.0,High Priest Venoxis;Vehena;Vehini
mezil,0.5,0.5,-0.0,0.0,Shadow Hunter Mezil-kree
kambe,0.5,-0.0,0.5,0.0,Shadow Hunter Ukambe
kalzu,0.5,-0.0,0.5,0.0,Bakkalzu
luk,1.0,-0.0,1.0,0.0,Waz'luk
zallaa,1.0,-0.0,1.0,0.0,Jin'Zallah the Sandbringer
bor,1.0,-0.0,1.0,0.0,Wind Master To'bor
rango,1.0,-0.0,1.0,0.0,Durango;Morango
dur,2.0,1.0,1.0,0.0,Windseeker Durja;Sian'dur
rata,2.0,-0.0,2.0,0.0,Hydromancer Kulratha;Hydromancer Velratha;Parata;Soratha
ishi,1.0,-0.0,1.0,0.0,Taz'ishi
ne,3.0,1.3333334,1.6666667,0.0,Nepatalo;Nekali;First Mate Nereus;Alascene;Tiev Mordune;Zalazane;Zillane
ig,1.0,1.0,-0.0,0.0,Iggy Darktusk
huro,1.0,1.0,-0.0,0.0,Huro'shal
shu,2.3333335,1.0,1.3333334,0.0,Ol' Shu;Ol' Shu;Mojodishu
tuwa,1.0,-0.0,1.0,0.0,Un'Thuwa
bagwa,0.5,-0.0,0.5,0.0,Witch Doctor Unbagwa
uzer,1.0,1.0,-0.0,0.0,Witch Doctor Uzer'i
reus,0.5,-0.0,0.5,0.0,First Mate Nereus
nalaka,0.33333334,0.33333334,-0.0,0.0,Nalakana
vaxel,1.0,-0.0,1.0,0.0,Khar'vaxal the Cracked
gul,1.0,1.0,-0.0,0.0,God-Hulk Gulkan
kima,0.5,-0.0,0.5,0.0,Hekima the Wise
fraz,1.0,-0.0,1.0,0.0,Dug'fraz
naba,0.5,-0.0,0.5,0.0,Beast Handler Sonaba
neeja,0.5,0.5,-0.0,0.0,Neejala
tea,1.0,-0.0,1.0,0.0,Raitea
xar,1.0,1.0,-0.0,0.0,Xar'Ti
tila,1.0,-0.0,1.0,0.0,Su'tila
jar,2.0,1.0,1.0,0.0,Jarkal Mossmeld;Shadow Hunter Moj'jar
vikko,0.5,-0.0,0.5,0.0,Tavikko
wiri,1.0,-0.0,1.0,0.0,Ra'wiri
nu,4.5,2.0,2.5,0.0,Basher Nujia;Outfitter Nuya;Xumanu the Twisted;Zununu the Undefeated;Buunu;Temanu
nee,1.5,1.5,-0.0,0.0,Neela Firebane;Neejala
jax,1.0,1.0,-0.0,0.0,Azerite Manipulator Jaxxas
jok,1.0,1.0,-0.0,0.0,Joknon
ser,2.0,2.0,-0.0,0.0,Fishy Ser'ji;Serr'ah
bak,0.5,0.5,-0.0,0.0,Bakkalzu
anaa,0.5,0.5,-0.0,0.0,Weaver Anaasha
kindu,0.5,0.5,-0.0,0.0,Loa Speaker Kinduru
ogo,0.5,0.5,-0.0,0.0,Ogopo
unae,0.5,-0.0,0.5,0.0,Scalper Ahunae
a,17.0,16.5,0.5,0.0,Hunter A'kos;Ma'da Akala;Amaka the Crawg Ma'da;Grand Ma'da Ateena;Blood-Hunter Akal;Anaha;King A'akul;A'danu;A'dru;Aman de Child;Wavesinger Amon;Weaver Anaasha;Apari;Aronson the Vile;Atulanji;Awakaya;Azala;Lord Azi;Stalker Azibo;Ahaxxa;Akanja;Alascene;Ameenah;Amira Blazeweaver;Ana Bloodteeth;Ajamon Ghostcaller;Happy Holaua
bazko,0.5,0.5,-0.0,0.0,Handler Bazkoji
razam,0.5,0.5,-0.0,0.0,Razambi the Drunk
uf,1.0,-0.0,1.0,0.0,Atal'jani Ack'uff
dor,1.0,-0.0,1.0,0.0,Vilnak'dor
buul,0.5,0.5,-0.0,0.0,Cliffkeeper Bouldani
tak,6.5,3.0,3.5,0.0,Tak'lejo;Tak'arili;Tak'moa;Gorthak;Beast Handler Kalatak;Iku'tak;Overseer Jintak
maju,0.5,0.5,-0.0,0.0,Death-Caller Majuli
dani,0.5,-0.0,0.5,0.0,Cliffkeeper Bouldani
kol,2.0,1.0,1.0,0.0,Spearmon Kol;Spearmon Kol
kray,1.0,1.0,-0.0,0.0,Kray'zin Firetusk
meiwa,0.5,0.5,-0.0,0.0,Meiwatha
hez,1.0,1.0,-0.0,0.0,Witch Doctor Hez'tok
kalua,0.5,0.5,-0.0,0.0,Kaluaka
az,1.0,-0.0,1.0,0.0,Renn'az
ha,9.5,6.5,3.0,0.0,Infiltrator Hameya;Lady Ha'ti;Ha'wana;Habutu;Weaponmaster Halu;Hex Priest Haraka;Tall Hasani;Hajukka;Hanashi;Argent Quartermaster Hasana;Anaha;Icemistress Gal'ha;Rakkaha;Teha
gus,1.0,-0.0,1.0,0.0,Jo'gus
mugja,0.5,0.5,-0.0,0.0,Mugjabu
tuk,3.0,2.0,1.0,0.0,Beastcaller Tuk'wa;Tukk;Tukk
lot,1.0,-0.0,1.0,0.0,Min'loth
daaka,0.5,0.5,-0.0,0.0,Daakara
urko,1.0,1.0,-0.0,0.0,Shadow Hunter Urko'jin
gom,1.5,0.5,1.0,0.0,Gombana;Ogom the Wretched
tir,1.0,-0.0,1.0,0.0,Falthir the Sightless
ziae,0.5,0.5,-0.0,0.0,Ziaeja
zur,3.5,2.5,1.0,0.0,Zur'chaka the Bonecrafter;Zur'ak Firefist;Zurjaya;Sindo'zur the Toxifier
raztu,1.0,1.0,-0.0,0.0,Raztu'jor
ven,2.0,2.0,-0.0,0.0,Mojo Masher Ven'dango;Ven'jashi
shuli,0.5,-0.0,0.5,0.0,Seshuli
dishu,0.33333334,-0.0,0.33333334,0.0,Mojodishu
tore,1.0,-0.0,1.0,0.0,Zul'tore
goga,0.5,0.5,-0.0,0.0,Warmother Gogatha
jani,3.0,0.5,2.5,0.0,"Seer Janidi;Pa'kura Kash'jani;Meijani;Beast Handler Sujani;Zia ""Sortcuts"" Ujani"
juto,0.5,-0.0,0.5,0.0,Razjuto
weelay,1.0,-0.0,1.0,0.0,Kin'weelay
riwa,0.5,-0.0,0.5,0.0,Zuriwa the Hexxer
sortu,0.5,0.5,-0.0,0.0,Sortura
no,11.5,7.0,4.5,0.0,No'ci the Scribe;Nofal;Nokali the Scarred;Nokano;Nolaki;Paku'ai Noshata;No'ku Stormsayer;Hex Doctor No'jin;Elementalist Novo;Gano;Judno;Nokano;Beast Handler Tahno;Deino
zgor,0.5,0.5,-0.0,0.0,Zgordo the Burtalizer
vu,4.0,3.0,1.0,0.0,Tracker Vu'ka;Vunanju;Officer Vu'Shalay;Vulajin;Magovu;Makavu
sij,1.0,1.0,-0.0,0.0,Loa Speaker Sij'ta
jud,1.0,1.0,-0.0,0.0,Judno
gaji,0.5,-0.0,0.5,0.0,Razgaji
jim,1.0,-0.0,1.0,0.0,Gin'jim
tusa,0.5,0.5,-0.0,0.0,Tusajia
cha,8.0,3.0,5.0,0.0,Chaka the Infused;Spiritbinder Cha'lat;Chabal;Howcha;Scout Kas'cha;Yoru'cha;Servant Zancha;Xon'cha
pati,0.5,0.5,-0.0,0.0,Caretaker Patiko
tayu,0.5,0.5,-0.0,0.0,Tayusha
latak,0.5,-0.0,0.5,0.0,Beast Handler Kalatak
naku,0.5,-0.0,0.5,0.0,Lookout Ronaku
ura,1.0,-0.0,1.0,0.0,Baj'ura
gren,1.0,1.0,-0.0,0.0,Grenthar
moku,0.5,0.5,-0.0,0.0,Mokuja
rada,1.0,1.0,-0.0,0.0,Rada'jin
loxe,1.0,-0.0,1.0,0.0,Tae'loxe Soulshrivel
jum,3.5,3.5,-0.0,0.0,Historian Jum'Flitmo;Scout Jumju;Jumju;Spiritbinder Jumjabu
morak,0.5,0.5,-0.0,0.0,Morakki
gowa,0.5,-0.0,0.5,0.0,Tigowa
neja,0.5,-0.0,0.5,0.0,Tuneja
dreka,1.0,-0.0,1.0,0.0,Vol'dreka
fari,1.0,-0.0,1.0,0.0,Ras'fari Bloodfrenzy
ani,1.0,-0.0,1.0,0.0,Kaiani;Taiani
naa,2.5,-0.0,2.5,0.0,Ameenah;Mojo Mender Ja'nah;Raenah
zum,1.0,1.0,-0.0,0.0,Witch Doctor Zum'rah
moo,0.5,0.5,-0.0,0.0,Moorabi
chaka,1.0,-0.0,1.0,0.0,Zur'chaka the Bonecrafter
moze,0.5,0.5,-0.0,0.0,Mozesha
gur,1.5,1.5,-0.0,0.0,Gur'zil;Gurthani the Elder
u,9.5,9.5,-0.0,0.0,"Chief Ukorz Sandscalp;Hexxer Ubungo;Zia ""Sortcuts"" Ujani;Uluami;Arcweaver Uzan;Uzo Deathcaller;Ubunti the Shade;Uchek;Marksman Udabu;Uduji;Ujia;Shadow Hunter Ukambe;Uruka the Cutthroat;Utamu"
hiwana,1.0,-0.0,1.0,0.0,Kil'Hiwana
def,1.0,-0.0,1.0,0.0,Moz'def
razi,0.5,-0.0,0.5,0.0,Zirazi the Star-Gazer
veno,0.5,0.5,-0.0,0.0,High Priest Venoxis
janga,0.5,0.5,-0.0,0.0,Witch Doctor Jangalar
lea,0.5,0.5,-0.0,0.0,Elder Leaxa
kyin,1.0,1.0,-0.0,0.0,Kyunghee
golo,0.8333334,0.33333334,0.5,0.0,Voodoo Priest Golomojo;Shadowspeaker Angolo
bay,1.0,-0.0,1.0,0.0,Bom'bay
kal,11.0,3.0,8.0,0.0,Kal'dran;Khal'ak;Kal'ia Pa'kuaya;Blood-Hunter Akal;Drekal;Captain Halu'kal;Enforcer Sekal;High Priest Thekal;Lieutenant Trag'kal;Zuvembi Brewer Zekal;Jarkal Mossmeld
makal,0.5,0.5,-0.0,0.0,Makalla
ika,1.0,-0.0,1.0,0.0,Chin'ika
luaka,0.5,-0.0,0.5,0.0,Kaluaka
rip,1.0,1.0,-0.0,0.0,Paku'ai Rip'nata
boda,0.5,-0.0,0.5,0.0,Umboda Three-Heads
kel,1.0,1.0,-0.0,0.0,Kel'gash the Wicked
ju,17.75,9.75,8.0,0.0,Ju'mak;Ju'ri;Ju'tan;Juma;Jumash;Junanji;Shadow Hunter Ju'loa;Historian Ju'pa;Warlord Jugan;Juvess the Duskwhisperer;Juwanamana;Lilaju;Qeeju;Scout Jumju;Jumju;Sejiju;Vunanju;Xenxuju;Doomsayer Din'ju;Gahju;Huju
wakaya,0.33333334,-0.0,0.33333334,0.0,Awakaya
pai,1.0,1.0,-0.0,0.0,Captain Paikee
teshyam,0.5,0.5,-0.0,0.0,Teshyambi
ad,1.0,-0.0,1.0,0.0,Don'ad
sezaa,1.0,1.0,-0.0,0.0,Sezah'jin
ye,3.5,2.0,1.5,0.0,Warmother Ye'du;Yeniss;Navigator Moye;Otoye
mei,1.0,1.0,-0.0,0.0,Meijani;Meiwatha
kashi,0.5,-0.0,0.5,0.0,Zukashi
zuulu,0.5,-0.0,0.5,0.0,Scalper Bazuulu
terok,0.5,-0.0,0.5,0.0,Retherokk the Berserker
sajia,0.5,-0.0,0.5,0.0,Tusajia
haka,1.0,1.0,-0.0,0.0,Haka'wani
mana,0.25,-0.0,0.25,0.0,Juwanamana
kuza,0.5,0.5,-0.0,0.0,Huntress Kuzari
karil,1.0,-0.0,1.0,0.0,Kil'karil
tun,2.0,1.0,1.0,0.0,Beast Handler Tunse;Butun the Boneripper
pa,0.5,-0.0,0.5,0.0,Ripa the Wind Ripper
meenaa,0.5,-0.0,0.5,0.0,Ameenah
kavu,0.5,-0.0,0.5,0.0,Makavu
rangi,0.5,0.5,-0.0,0.0,Rangiro
wik,1.0,1.0,-0.0,0.0,Wik'Tar
kaa,6.0,1.0,5.0,0.0,Kahti;War-God Dokah;Arcanital Mara'kah;Reo'kah;Ged'kah;Ruj'kah
huk,2.0,1.0,1.0,0.0,Huk;Huk
xanti,0.5,0.5,-0.0,0.0,Xantili
kana,2.3333335,1.0,1.3333334,0.0,Kana'tin;Nalakana;Ja'kana
yun,1.0,1.0,-0.0,0.0,Conqueror Yun'zon
dras,1.0,1.0,-0.0,0.0,Draska
nifur,0.5,-0.0,0.5,0.0,Jinifur
jora,0.5,0.5,-0.0,0.0,Bladeguard Jorana
kaule,0.5,0.5,-0.0,0.0,Kaulema the Mover
kis,1.0,-0.0,1.0,0.0,Zekkis
vorka,1.0,-0.0,1.0,0.0,Zen'Vorka
aljab,0.5,0.5,-0.0,0.0,Aljabri
zar,7.0,4.0,3.0,0.0,Berserker Zar'ri;Wavesinger Zara;Blood Guard Zar'shi;Zarjhin;Dazar;Witch Doctor Koo'zar;Tanzar
zay,1.0,1.0,-0.0,0.0,Zay'hana
liri,0.5,-0.0,0.5,0.0,Ghaliri
re,4.5,2.0,2.5,0.0,Retherokk the Berserker;Wavesinger Rekan;Rejiji;Sverre;Navigator Tah're;Tizare
apa,0.5,0.5,-0.0,0.0,Apari
sari,0.5,-0.0,0.5,0.0,Ansari
kara,0.5,-0.0,0.5,0.0,Daakara
mara,2.5,2.0,0.5,0.0,Arcanital Mara'kah;Marara;Marajit;Samara
raka,1.5,-0.0,1.5,0.0,Warmother Shaz'raka;Hex Priest Haraka
dooma,0.5,-0.0,0.5,0.0,Dadooma
dre,1.5,1.5,-0.0,0.0,Dregada;Drekal
er,2.0,2.0,-0.0,0.0,Er'eek;Erkhart Stormvein
jin,58.0,17.0,41.0,0.0,Jin'Zallah the Sandbringer;jin'zakk;Jintha;Jin'alun;Jin'rokh;Jin'Tiki;Jin'diza;Jin'do the Hexxer;Provisioner Jin'hake;Vyse Jin'kala;Jin'sora;Jin'tago;Portalkeeper Jin'tashal;Jin'thala;Witch Doctor Jin'Zil;Overseer Jintak;Jin'lak Nightfang;Vol'jin;Han'jin;Heb'jin;Kazra'jin;Krag'jin;Witch Doctor Mai'jin;Moz'jin;Ral'jin;Warlord Thresh'jin;Captain Bajin;Kaza'jin the Wavebinder;Kunojin;Pin'jin the Patient;Rajin;Sezah'jin;Deathspeaker Sho'jin;Taz'jin;Zauljin;Hoodoo Master Fu'jin;Hira'jin;Senior Sergeant Kai'jin;Khajin the Unyielding;Mak'jin;Frostcaller Nai'jin;Hex Doctor No'jin;Rada'jin;Rak'jin;Sen'jin;Flame Bender Ta'jin;Tai'jin;Tal'jin;Tanjin the Ironshaper;Tora'jin;Shadow Hunter Ty'jin;Watcher Umjin;Shadow Hunter Urko'jin;Vol'jin;Vulajin;Conqueror Vun'jin;Vuza'jin;Zarjhin;Beasttamer Zov'jin
xuma,0.5,0.5,-0.0,0.0,Xumanu the Twisted
aji,1.0,-0.0,1.0,0.0,Chef Zab'aji
luzibo,0.33333334,-0.0,0.33333334,0.0,Zaluzibo
arba,0.5,-0.0,0.5,0.0,Maharba
gata,0.5,-0.0,0.5,0.0,Warmother Gogatha
nira,1.0,-0.0,1.0,0.0,Jehnira;Vanira
hay,1.0,1.0,-0.0,0.0,Haymon
umbi,0.5,0.5,-0.0,0.0,Umbiwa
zorak,1.0,1.0,-0.0,0.0,Zorak'tul
akil,1.0,1.0,-0.0,0.0,Windweaver Akil'amon
toren,0.5,0.5,-0.0,0.0,Torenda
mojo,2.1666667,1.8333334,0.33333334,0.0,Mojoba;Mojo'kai;Mojodishu;Voodoo Priest Golomojo
lok,4.0,1.0,3.0,0.0,Lok the Rock;High Priestess Arlokk;Lok the Rock;Nailok
gash,3.0,1.0,2.0,0.0,Gash'nak the Cannibal;Kel'gash the Wicked;Witch Doctor Tor'gash
nullu,0.5,-0.0,0.5,0.0,Vulnullu
bee,1.0,1.0,-0.0,0.0,Beeyuh
nala,0.33333334,0.33333334,-0.0,0.0,Nalakana
fazer,0.5,0.5,-0.0,0.0,Fazerra
tago,1.0,-0.0,1.0,0.0,Jin'tago
rak,7.0,4.0,3.0,0.0,"Warmother Rakkali;Rak'tul, Vessel of Souls;Rakle the Wretched;Rak'jin;Rakkaha;Korrak the Bloodrager;Jorak;Ritualist Tarak"
lun,1.0,1.0,-0.0,0.0,Lunzul
talan,0.5,0.5,-0.0,0.0,Talanji
dar,1.0,-0.0,1.0,0.0,Guzul'dar
val,2.0,2.0,-0.0,0.0,Val'run;Tracker Val'zij
yenni,0.5,0.5,-0.0,0.0,Yenniku
tae,2.0,1.0,1.0,0.0,Tae'loxe Soulshrivel;Granda Watae
reo,1.0,1.0,-0.0,0.0,Reo'kah
nil,0.5,-0.0,0.5,0.0,Gawanil
nanji,0.5,-0.0,0.5,0.0,Junanji
bag,1.0,1.0,-0.0,0.0,Skumm Bag'go
tresh,1.0,1.0,-0.0,0.0,Warlord Thresh'jin
ek,2.0,-0.0,2.0,0.0,Atal'Jani Niv'ek;Forstcaller Julh'ek
bwem,1.0,1.0,-0.0,0.0,Bwemba
biza,0.5,-0.0,0.5,0.0,Kimbiza
maga,0.5,0.5,-0.0,0.0,Magasha
shan,3.0,1.0,2.0,0.0,Loa Speaker Shan'kan;Jen'shan;Ruk'shan
kazra,1.0,1.0,-0.0,0.0,Kazra'jin
sor,1.5,0.5,1.0,0.0,Sortura;Arin'sor
sus,1.0,1.0,-0.0,0.0,Sus'vayin
taman,0.5,0.5,-0.0,0.0,Tamanji
t,7.0,7.0,-0.0,0.0,T'Chua;T'lama;T'sarah the Royal Chef;Bloodslayer T'ara;Senior Sergeant T'kelah;Witch Doctor T'wansi;Venomancer T'Kulu
baro,0.5,-0.0,0.5,0.0,Zenbaro
lee,2.0,1.0,1.0,0.0,Headhunter Leeza;Mar'Lee
wanil,0.5,-0.0,0.5,0.0,Gawanil
ama,0.5,0.5,-0.0,0.0,Amaka the Crawg Ma'da
tax,1.0,1.0,-0.0,0.0,Taxson
bom,1.5,1.5,-0.0,0.0,Bom'bay;Bomsanchu
nana,1.0,1.0,-0.0,0.0,Hexxer Nana'kwug
trin,1.0,-0.0,1.0,0.0,Ez'trin
al,4.5,3.5,1.0,0.0,War-God Al'chukla;Al'tabim the All-Seeing;Aljabri;Foreman Al'jibo;Prelate Akk'al
heb,1.0,1.0,-0.0,0.0,Heb'jin
lekan,0.5,-0.0,0.5,0.0,Tezlekhan
mora,0.5,0.5,-0.0,0.0,Moraya
tera,0.5,-0.0,0.5,0.0,Nortera
gozza,0.5,0.5,-0.0,0.0,Bustroll Gozzako
zild,1.0,1.0,-0.0,0.0,Zild'jian
wata,0.5,-0.0,0.5,0.0,Meiwatha
kaeja,0.5,-0.0,0.5,0.0,Shakaeja
siva,1.0,-0.0,1.0,0.0,Earthrender Ku'siva
norsa,0.5,0.5,-0.0,0.0,Eartmender Norsala
gurta,0.5,0.5,-0.0,0.0,Gurthani the Elder
far,0.5,0.5,-0.0,0.0,Farbosi
juku,0.5,-0.0,0.5,0.0,Beast Handler Khajuku
luto,0.5,-0.0,0.5,0.0,Zaluto
jib,1.0,-0.0,1.0,0.0,Se'Jib
zend,1.0,1.0,-0.0,0.0,Zend'li Venomtusk
kur,1.0,1.0,-0.0,0.0,Loa Speaker Kur'taji
tabra,1.0,-0.0,1.0,0.0,Zen'tabra
jash,1.0,1.0,-0.0,0.0,Totem Maker Jash'ga
rundo,0.5,-0.0,0.5,0.0,Torundo the Grizzled
din,4.0,2.0,2.0,0.0,Duelin' Dinzo;Doomsayer Din'ju;Vuz'din;Wodin the Troll-Servant
huka,0.5,0.5,-0.0,0.0,Witch Doctor Hukari
tuna,0.5,0.5,-0.0,0.0,Tunari
kim,0.5,0.5,-0.0,0.0,Kimbiza
fani,1.0,-0.0,1.0,0.0,Mor'fani the Exile
lama,1.0,-0.0,1.0,0.0,T'lama
mamba,0.5,-0.0,0.5,0.0,Samamba
vani,0.5,0.5,-0.0,0.0,Vanira
wazzu,0.5,0.5,-0.0,0.0,Wazzuli Wildmender
zag,1.0,1.0,-0.0,0.0,Zag'zil
char,1.0,1.0,-0.0,0.0,Watcher Char'mayne
tina,0.5,-0.0,0.5,0.0,Nisstina
meija,0.5,0.5,-0.0,0.0,Meijani
lina,2.0,1.0,1.0,0.0,Lina'gar;Balina;Swolina
koji,0.5,-0.0,0.5,0.0,Handler Bazkoji
vor,2.0,2.0,-0.0,0.0,Lookout Vor'sul;Master Vornal
aguul,1.0,-0.0,1.0,0.0,Drak'aguul
sabam,0.5,0.5,-0.0,0.0,Wind Rider Sabamba
graz,1.0,1.0,-0.0,0.0,Chronicler Grazzul
lejo,1.0,-0.0,1.0,0.0,Tak'lejo
kul,4.5,3.5,1.0,0.0,Hydromancer Kulratha;Kul'amara;Kul'razahn;Kul'de;Arcanital Ra'kul
ulua,0.5,0.5,-0.0,0.0,Uluami
zoga,0.5,-0.0,0.5,0.0,Mazoga
dra,3.5,1.5,2.0,0.0,Overlord Drakuru;Dra'al the Bloodthirsty;Farseer Gadra;Volda Gan'dra
as,1.5,1.5,-0.0,0.0,Asgari;Shadow Hunter Askia
laskene,0.33333334,-0.0,0.33333334,0.0,Alascene
yuu,1.0,-0.0,1.0,0.0,Beeyuh
tum,1.0,-0.0,1.0,0.0,Gottum
volki,0.5,0.5,-0.0,0.0,Doomsayer Volkini
besh,1.0,1.0,-0.0,0.0,Besh'iah
zibin,0.5,-0.0,0.5,0.0,Zilzibin
pre,1.0,-0.0,1.0,0.0,Du'pre
tumba,0.5,-0.0,0.5,0.0,Shadow Hunter Mutumba
tiza,0.5,0.5,-0.0,0.0,Tizare
wis,1.0,1.0,-0.0,0.0,Wysko
jabri,0.5,-0.0,0.5,0.0,Aljabri
zerin,0.5,-0.0,0.5,0.0,Kazerin
haman,0.5,-0.0,0.5,0.0,Dohaman the Beast Lord
tiki,2.0,-0.0,2.0,0.0,Lau'Tiki;Zen'tiki
likree,0.5,-0.0,0.5,0.0,Melikree
nez,0.5,0.5,-0.0,0.0,Nezzliok the Dire
zor,2.0,2.0,-0.0,0.0,Zor'be the Bloodletter;Zorza
iaa,1.0,-0.0,1.0,0.0,Besh'iah
hame,0.5,0.5,-0.0,0.0,Infiltrator Hameya
nanju,0.5,-0.0,0.5,0.0,Vunanju
ango,0.5,0.5,-0.0,0.0,Shadowspeaker Angolo
pan,1.0,1.0,-0.0,0.0,Pan'ya
zan,21.333332,11.333333,10.0,0.0,Zan'ji;Servant Zancha;Zandelvari;Zhan;Zan'chi;Zan'do;Zan'non;Zan'zata;Mojo Master Zandum;Berserker Zanga;Zansoa;Zanzil;Wavesinger De'zan;Captain Nir'zan;Arcweaver Uzan;Zhan;Hai'zan;Ko'Zan;Miao'zan;Tazan;Ulzann;Zando'zan
abu,1.0,1.0,-0.0,0.0,Abu'gar
sini,0.5,-0.0,0.5,0.0,Gusini
jahu,0.5,0.5,-0.0,0.0,Wind Rinder Jahubo
janra,0.5,0.5,-0.0,0.0,Janraja
kaal,1.0,-0.0,1.0,0.0,Vol'kaal
rukai,0.5,-0.0,0.5,0.0,Marukai
zex,1.0,-0.0,1.0,0.0,Blood Witch Cazex
galra,0.5,-0.0,0.5,0.0,Lookout Ungalra
nim,0.5,0.5,-0.0,0.0,Nimboya
sijam,0.5,0.5,-0.0,0.0,Sijambi
rula,0.5,-0.0,0.5,0.0,Wardrummer Zurula
rafu,0.5,-0.0,0.5,0.0,Bonechillder Barafu
liko,0.5,0.5,-0.0,0.0,Witch Doctah Likola
rona,0.5,0.5,-0.0,0.0,Lookout Ronaku
zij,1.0,-0.0,1.0,0.0,Tracker Val'zij
gol,1.0,1.0,-0.0,0.0,Overseer Golbaz
tez,2.5,1.5,1.0,0.0,Tezlekhan;Tez Tez the Patchmonger;Tez Tez the Patchmonger
paki,0.5,0.5,-0.0,0.0,Pakina
tonga,0.5,-0.0,0.5,0.0,Katonga
vun,2.0,1.0,1.0,0.0,Conqueror Vun'jin;Kuz'vun
jima,0.5,-0.0,0.5,0.0,Blood Witch Najima
ya,15.333334,5.0,10.333334,0.0,"Yara;Yamuna;""Tuskbreaker"" Yana;Ya'mon;Ya'za the Vandal;Yazigo;Infiltrator Hameya;Hitah'ya the Keeper;Awakaya;First Mate Jamboya;Outfitter Nuya;Pan'ya;Vinaya;Moraya;Nimboya;Sheya Stormweaver;Voriya;Zariya;Zeya;Zonya the Sadist;Zurjaya"
laa,2.0,-0.0,2.0,0.0,Queen Patlaa;Zy'lah Manslayer
timon,1.0,-0.0,1.0,0.0,An'timon
kuz,2.0,1.0,1.0,0.0,Kuz'vun;Blood Guard Hakkuz
ru,6.5,1.5,5.0,0.0,"Ruuzlu;Ru'zah;Overlord Drakuru;Loa Speaker Kinduru;Biru The Drunk;Dinomancer Zakuru;""Black Eye"" Zenru;Zaduru;Shadow-Walker Zuru"
hem,1.0,-0.0,1.0,0.0,Yelhem
mi,4.0,2.5,1.5,0.0,Mi'ja;Apprentice Mijala Firehex;Misensi;Mishiki;Uluami;Shoja'my
gix,2.0,1.0,1.0,0.0,Wardrummer Gix;Wardrummer Gix
jun,10.0,7.0,3.0,0.0,Jun'ta;Mama Junga;Jin'asula;Hexpriest Junda;Junji;Jun'do the Traitor;Hidetrader Jun'ik;Tul'jun the Dreamer;Var'jun;Zin'Jun
nari,0.5,-0.0,0.5,0.0,Tunari
unja,0.5,0.5,-0.0,0.0,Unjari Feltongue
nidi,0.5,-0.0,0.5,0.0,Seer Janidi
bungo,0.5,-0.0,0.5,0.0,Hexxer Ubungo
ra,37.0,19.5,17.5,0.0,God-Hulk Ramuk;Raka Goldtusk;Arcanital Ra'kul;Ra'sha;Ra'wiri;Rafae;Rajin;Rakera;Rana the Cutta;Rani;High Prelate Rata;Rawajo;Razaji;Razambi the Drunk;Shadowblade Razi;Tasha;Ra'chee;Gyasi Ra'lar;Shadow Hunter Rala;Ravika;Ra'waza Stonerus;Rasha Stonetusk;Speaker Obara;Blood Witch Vashera;Zathra;Yara;Daakara;Jehnira;Loa Speaker Chel'ra;Gheera;Prelate Kaj'ra;Loa-Speaker Kihara;High Priestess Kilnara;Nazara;Rakera;Samara;Lookout Ungalra;Zajera the Huntress;Zulathra;Amira Blazeweaver;Witch Doctor Daara;Elfyra;Fazerra;Garra;Kijara;Magura;Marara;Nortera;Sortura;Vanira
ula,2.0,2.0,-0.0,0.0,Windcaller Ula'jan;Ula'elek
talar,1.0,-0.0,1.0,0.0,Lieutenant Vol'talar
haxxa,0.5,-0.0,0.5,0.0,Ahaxxa
heki,0.5,0.5,-0.0,0.0,Hekima the Wise
monga,0.5,-0.0,0.5,0.0,Zumonga
lamar,0.33333334,-0.0,0.33333334,0.0,Indalamar
keren,1.0,1.0,-0.0,0.0,Keren'dal
dug,1.0,1.0,-0.0,0.0,Dug'fraz
lajin,0.5,-0.0,0.5,0.0,Vulajin
chaxa,0.5,-0.0,0.5,0.0,Vinchaxa
mak,3.0,1.0,2.0,0.0,Mak'jin;Ju'mak;Zel'mak
dum,1.0,-0.0,1.0,0.0,Mojo Master Zandum
eebi,1.0,-0.0,1.0,0.0,J'eebi
mutum,0.5,0.5,-0.0,0.0,Shadow Hunter Mutumba
duji,0.5,-0.0,0.5,0.0,Uduji
toj,1.0,-0.0,1.0,0.0,Natoj
dyn,1.0,-0.0,1.0,0.0,Wodyn
delvari,0.33333334,-0.0,0.33333334,0.0,Zandelvari
he,1.0,1.0,-0.0,0.0,Hekima the Wise;Hekazi
zem,1.0,1.0,-0.0,0.0,Pirate-King Zem'lan
jingo,0.5,-0.0,0.5,0.0,Dinomancer Dajingo
maku,0.5,0.5,-0.0,0.0,Makuli
dokir,0.5,-0.0,0.5,0.0,Bloodlord Mandokir
na,23.416668,5.8333335,17.583334,0.0,"Blood Witch Najima;Loa Speaker Nanea;Nalakana;Wavesinger Nalu;Nazara;Nakansi;Shadow Hunter Narez;Natoj;Grand Ma'da Ateena;Bloodwitch Ysinna;Dunecaster Mu'na;Balina;Vessel Iluna;Janena;Bladeguard Jorana;Kejina;Nalakana;Pakina;Rana the Cutta;Rina the Traveler;Swolina;Zunaga Wana;Yamuna;""Tuskbreaker"" Yana;Zena the Feeder;Zuna;Cona;Gombana;Argent Quartermaster Hasana;Jena;Juwanamana;Nisstina;Bloodslayer Vaena;Vehena"
doyo,1.0,1.0,-0.0,0.0,Doyo'da
mojodi,0.33333334,0.33333334,-0.0,0.0,Mojodishu
zara,0.5,-0.0,0.5,0.0,Nazara
vika,0.5,-0.0,0.5,0.0,Ravika
wogi,1.0,-0.0,1.0,0.0,Zon'Wogi
jian,2.0,-0.0,2.0,0.0,Zendo'jian;Zild'jian
dajin,0.5,0.5,-0.0,0.0,Dinomancer Dajingo
zala,0.8333334,0.33333334,0.5,0.0,Zalazane;Azala
luna,0.5,-0.0,0.5,0.0,Vessel Iluna
tas,1.0,1.0,-0.0,0.0,Taszae
treg,1.0,1.0,-0.0,0.0,Tregla
tris,1.0,-0.0,1.0,0.0,Shadow Hunter Vol'tris
yoon,1.0,-0.0,1.0,0.0,Bugcatcher Cal'yoon
nata,2.0,-0.0,2.0,0.0,Atai'nata;Paku'ai Rip'nata
tel,1.0,1.0,-0.0,0.0,Old Tella
vulnul,0.5,0.5,-0.0,0.0,Vulnullu
le,3.0,2.0,1.0,0.0,Elder Leaxa;Paku'ai Leti;Legati;Rakle the Wretched
yoru,1.0,1.0,-0.0,0.0,Yoru'cha
ez,1.0,1.0,-0.0,0.0,Ez'trin
o,8.5,7.5,1.0,0.0,Speaker Obara;Warmother Ogli;Spearcrafter Otembe;O'livia;Ofer the Silkmender;Ogopo;Witch Doctor Oinga;Otoye;Ogom the Wretched;Great Hexer Ohodo;Ohseso;Dinomancer Kish'o
marn,1.0,1.0,-0.0,0.0,Handler Marnlek
boya,1.0,-0.0,1.0,0.0,First Mate Jamboya;Nimboya
kil,12.5,8.5,4.0,0.0,Huntmaster Kil'ja;High Priestess Kilnara;Kil'hala;Kil'Hiwana;Kil'karil;Kilweh;Kil'zin of the Bloodscalp;Kil'zin of the Darkspear;Kilram;Stormbringer Draz'kil;Jor'kil the Soulripper;Mai'Kyl;Raz'kil the Icy
dinaa,1.0,-0.0,1.0,0.0,Maz'dinah
sese,0.5,0.5,-0.0,0.0,Sesebi
lomojo,0.33333334,-0.0,0.33333334,0.0,Voodoo Priest Golomojo
zeal,1.0,1.0,-0.0,0.0,Zeal'aya
moa,2.0,1.0,1.0,0.0,Moaja;Tak'moa
tis,1.5,-0.0,1.5,0.0,Mithrethis the Enchanter;Scout Neftis
tulanji,0.33333334,-0.0,0.33333334,0.0,Atulanji
me,3.5,2.0,1.5,0.0,Aneka Melae;Melikree;Shadow Hunter Mezil-kree;Bezime;Nime
okun,1.0,-0.0,1.0,0.0,Captain Rez'okun
tao,1.0,-0.0,1.0,0.0,Guard Satao
lij,1.0,-0.0,1.0,0.0,Ter'lij
reji,0.5,0.5,-0.0,0.0,Rejiji
ojo,1.0,1.0,-0.0,0.0,Mojo Shaper Ojo'mon
vae,1.0,1.0,-0.0,0.0,Bloodslayer Vaena
vehi,0.5,0.5,-0.0,0.0,Vehini
jaba,1.0,1.0,-0.0,0.0,Chronicler Jabari;Beastmother Jabati
kwa,1.0,-0.0,1.0,0.0,Jek'kwa
gamba,0.33333334,0.33333334,-0.0,0.0,Gambarinka
kija,0.5,0.5,-0.0,0.0,Kijara
da,14.333334,5.0,9.333334,0.0,Dadooma;Element-Tamer Dagoda;Dinomancer Dajingo;Enforcer Dakanji;Dazar;Shadow Hunter Da'jul;Helmsman Da'vees;Hexxer Magoda;Umboda Three-Heads;Element-Tamer Dagoda;Dregada;Ol' Jonda;Hexpriest Junda;Sharisanda;Zenda;Outfitter Zunda;Doyo'da;Gronda Feathercrush;Hexweaver Jakunda;Torenda
keiki,1.0,-0.0,1.0,0.0,Batrider Pele'keiki
bui,1.0,-0.0,1.0,0.0,Loa Speaker Tobui
mro,1.0,1.0,-0.0,0.0,Mrogan
biwa,0.5,-0.0,0.5,0.0,Umbiwa
pele,2.0,2.0,-0.0,0.0,Batrider Pele'keiki;Pele'zol
tuul,2.0,1.0,1.0,0.0,Thuul;Thuul
chua,1.0,-0.0,1.0,0.0,T'Chua
amara,1.0,-0.0,1.0,0.0,Kul'amara
ti,14.0,4.0,10.0,0.0,Tiri;Voodooist Timan;Tigowa;Tizare;Shadow Hunter Ty'jin;Lady Ha'ti;Beastmother Jabati;Kahti;Paku'ai Leti;Loanati;Wardruid Loti;Zalanti;Jil'ti;Legati;Lorti;Munalti;Ubunti the Shade;Xar'Ti
hak,3.0,3.0,-0.0,0.0,Basher Hak'anjin;Milliner Hakkit;Blood Guard Hakkuz
oto,0.5,0.5,-0.0,0.0,Otoye
toga,1.0,-0.0,1.0,0.0,Kin'toga Beastbane
hira,1.0,1.0,-0.0,0.0,Hira'jin
rimon,1.0,-0.0,1.0,0.0,Jes'rimon
yia,1.0,1.0,-0.0,0.0,Blood Witch Yialu
jassa,0.5,-0.0,0.5,0.0,Shadow Hunter Kajassa
