name,clean name,syllables,count,first part,gender
Vol'jin,Vol'jin,vol.jin,2,1,m
Hunter A'kos,A'kos,a.kos,2,1,f
Ma'da Akala,Akala,a.ka.la,3,,f
Amaka the Crawg Ma'da,Amaka,a.ma.ka,3,,f
Grand Ma'da Ateena,Ateena,a.tee.na,3,,f
Warmother Boatema,Boatema,bwa.te.ma,3,,f
Blood Witch Cazex,Cazex,ka.zex,2,,f
Chaka the Infused,Chaka,cha.ka,2,,f
Wardrummer Gix,Gix,gix,1,,m
Warmother Gogatha,Gogatha,go.ga.ta,3,,f
Gottum,Gottum,got.tum,2,,m
Corpse Monger Jal'aka,Jal'aka,jal.a.ka,3,1,f
Totem Maker Jash'ga,Jash'ga,jash.ga,2,1,f
Azerite Manipulator Jaxxas,Jaxxas,jax.xas,2,,f
Ju'mak,Ju'mak,ju.mak,2,1,m
Jun'ta,Jun'ta,jun.ta,2,1,f
Mama Junga,Mama Junga,jun.ga,2,,f
Elder Leaxa,Leaxa,le.a.xa,3,,f
Mala'kili,Mala'kili,ma.la.ki.li,4,2,f
Mi'ja,Mi'ja,mi.ja,2,1,f
Warmother Molaka,Molaka,mo.la.ka,3,,f
Warmother Nagla,Nagla,nag.la,2,,f
Blood Witch Najima,Najima,na.ji.ma,3,,f
Hexxer Nana'kwug,Nana'kwug,na.na.kwug,3,2,f
Corpse Monger Nog'shra,Nog'shra,nog.shra,2,1,f
Speaker Obara,Obara,o.ba.ra,3,,f
Warmother Ogli,Ogli,o.gli,2,,f
Conqueror Or'sosh,Or'sosh,or.sosh,2,1,f
Blood Witch Pakkala,Pakkala,pak.ka.la,3,,f
Poz'ga the Butcher Queen,Poz'ga,poz.ga,2,1,f
Warmother Rakkali,Rakkali,rak.ka.li,3,,f
Ren'Zuli,Ren'Zuli,ren.zu.li,3,1,f
Ma'da Ren'kala,Ren'kala,ren.ka.la,3,1,f
Root-Hexxer Ib'aka,Ib'aka,ib.a.ka,3,1,f
Wardrummer Saljo,Saljo,sal.jo,2,,m
Warmother Shaz'raka,Shaz'raka,shaz.ra.ka,3,1,f
Wardrummer Sheej,Sheej,sheej,1,,m
Warmother Van'ji,Van'ji,van.ji,2,1,f
Blind Wunja,Wunja,wun.ja,2,,f
Blood Witch Vashera,Vashera,va.she.ra,3,,f
Blood Priest Xak'lar,Xak'lar,xak.lar,2,1,f
Xu'ba,Xu'ba,xu.ba,2,1,m
Xuxuga,Xuxuga,xu.xu.ga,3,,f
Corpse Bringer Yal'kar,Yal'kar,yal.kar,2,1,f
Summoner Yarz,Yarz,yarz,1,,f
Warmother Ye'du,Ye'du,ye.du,2,1,f
Blood Witch Yialu,Yialu,yia.lu,2,,f
Bloodwitch Ysinna,Ysinna,i.sin.na,3,,f
Zaroza the Fleshcarver,Zaroza,za.ro.za,3,,f
Hexxer Zas'guk,Zas'guk,zas.guk,2,1,f
High Priestess Zenja,Zenja,zen.ja,2,,f
Blood Priestess Zu'Anji,Zu'Anji,zu.an.ji,3,1,f
Warmother Zug,Zug,zug,1,,f
Wardrummer Zurula,Zurula,zu.ru.la,3,,f
Speaker Ik'nal,Ik'nal,ik.nal,2,1,f
Blood-Hunter Akal,Akal,a.kal,2,,m
Antu'sul,Antu'sul,an.tu.sul,3,2,m
Blood-Hunter Dazal'ai,Dazal'ai,da.zal.ai,3,2,f
Defector Dazgo,Dazgo,daz.go,2,,m
Salty Degasha,Degasha,de.ga.sha,3,,f
Gozda'kun,Gozda'kun,goz.da.kun,3,2,m
General Jakra'zet,Jakra'zet,jak.ra.zet,3,2,m
Jan'li,Jan'li,jan.li,2,1,f
Jaz,Jaz,jaz,1,,f
Jin'Zallah the Sandbringer,Jin'Zallah,jin.zal.laa,3,1,m
Warleader Krazzilak,Krazzilak,kraz.zi.lak,3,,m
Hydromancer Kulratha,Kulratha,kul.ra.ta,3,,f
Mazoga,Mazoga,ma.zo.ga,3,,m
Great Mota,Mota,mo.ta,2,,m
Dunecaster Mu'na,Mu'na,mu.na,2,1,f
Ambassador Nikash,Nikash,ni.kash,2,,m
Orgo,Orgo,or.go,2,,m
Rinling,Rinling,rin.ling,2,,m
Ruuzlu,Ruuzlu,ru.uz.lu,3,,m
Chief Ukorz Sandscalp,Ukorz,u.korz,2,,m
Shadowpriest Sezz'ziz,Sezz'ziz,sez.ziz,2,1,m
Sul the Sandcrawler,Sul,sul,1,,m
Suluz Wind-Tamer,Suluz,su.luz,2,,f
Theka the Martyr,Theka,te.ka,2,,m
Hydromancer Velratha,Velratha,vel.ra.ta,3,,f
Tracker Vu'ka,Vu'ka,vu.ka,2,1,m
Zathra,Zathra,zat.ra,2,,f
Zerillis,Zerillis,ze.ril.lis,3,,m
Witch Doctor Zum'rah,Zum'rah,zum.raa,2,1,m
Zumonga,Zumonga,zu.mon.ga,3,,m
Shadowspeaker Angolo,Angolo,an.go.lo,3,,m
Baga the Frostshield,Baga,ba.ga,2,,m
Bonechillder Barafu,Barafu,ba.ra.fu,3,,f
Battok the Berseker,Battok,bat.tok,2,,m
Butun the Boneripper,Butun,bu.tun,2,,m
Chulo the Mad,Chulo,chu.lo,2,,m
Drak'aguul,Drak'aguul,drak.a.guul,3,1,m
Overlord Drakuru,Drakuru,dra.ku.ru,3,,m
Drek'Maz,Drek'Maz,drek.maz,2,1,m
Spearguard Du'mont,Du'mont,du.mont,2,1,m
Gal'darash,Gal'darash,gal.da.rash,3,1,m
Soul-Speaker Galani,Galani,ga.la.ni,3,,m
Gash'nak the Cannibal,Gash'nak,gash.nak,2,1,m
Gawanil,Gawanil,ga.wa.nil,3,,m
Berserker Gola,Gola,go.la,2,,m
Grik'nir the Cold,Grik'nir,grik.nir,2,1,m
God-Hulk Gulkan,Gulkan,gul.kan,2,,m
Skullcrusher Gundu,Gundu,gun.du,2,,m
Guran the Frostblade,Guran,gu.ran,2,,m
Han'jin,Han'jin,han.jin,2,1,m
Heb'jin,Heb'jin,heb.jin,2,1,m
Korrak the Bloodrager,Korrak,kor.rak,2,,m
Kril'fon,Kril'fon,kril.fon,2,1,m
Deathwhisperer Kulu,Kulu,ku.lu,2,,m
Kutube'sa,Kutube'sa,ku.tu.be.sa,4,3,m
Hexxer Magoda,Magoda,ma.go.da,3,,f
Death-Caller Majuli,Majuli,ma.ju.li,3,,m
Speaker Malaka'raz,Malaka'raz,ma.la.ka.raz,4,3,m
Frost King Malakk,Malakk,ma.lak,2,,m
Soothsayer Mirim'koa,Mirim'koa,mi.rim.koa,3,2,f
Moorabi,Moorabi,moo.ra.bi,3,,m
Mrogan,Mrogan,mro.gan,2,,m
Grave-Caller Muja,Muja,mu.ja,2,,m
Onu'zun,Onu'zun,o.nu.zun,3,2,m
God-Hulk Ramuk,Ramuk,ra.muk,2,,m
Ranvin,Ranvin,ran.vin,2,,m
Rezrelek,Rezrelek,rez.re.lek,3,,m
Shakor,Shakor,sha.kor,2,,m
Soothsayer Shi'kala,Shi'kala,shi.ka.la,3,1,f
Slad'ran,Slad'ran,slad.ran,2,1,m
Tiri,Tiri,ti.ri,2,,f
Vejrek,Vejrek,vej.rek,2,,m
Anaha,Anaha,a.na.ha,3,,m
Yara,Yara,ya.ra,2,,f
Warlord Zim'bo,Zim'bo,zim.bo,2,1,m
Warlord Zol'Maz,Zol'maz,zol.maz,2,1,m
Ash'an the Empowered,Ash'an,ash.an,2,1,m
Atai'nata,Atai'nata,a.tai.na.ta,4,2,m
Loa Speaker Brek,Brek,brek,1,,m
Cre'van,Cre'van,kre.van,2,1,m
Daakara,Daakara,daa.ka.ra,3,,m
Healer Drak'tari,Drak'tari,drak.ta.ri,3,1,m
Draska,Draska,dras.ka,2,,m
Gan'dranda,Gan'dranda,gan.dran.da,3,1,m
Gin'jim,Gin'jim,gin.jim,2,1,m
Gree,Gree,gree,1,,m
Gorthak,Gorthak,gor.tak,2,,m
Infiltrator Hameya,Hameya,ha.me.ya,3,,m
Hitah'ya the Keeper,Hitah'ya,hi.taa.ya,3,2,f
Hulg,Hulg,hulg,1,,m
Jehnira,Jehnira,jee.ni.ra,3,,f
jin'zakk,jin'zakk,jin.zak,2,1,m
Jintha,Jintha,jin.ta,2,,m
Beastrider Kama,Kama,ka.ma,2,,m
Katoom the Angler,Katoom,ka.toom,2,,m
Kazra'jin,Kazra'jin,kaz.ra.jin,3,2,m
Kel'gash the Wicked,Kel'gash,kel.gash,2,1,m
Loa Speaker Kinduru,Kinduru,kin.du.ru,3,,m
Katonga,Katonga,ka.ton.ga,3,,m
Krag'jin,Krag'jin,krag.jin,2,1,m
Krul'tan,Krul'tan,krul.tan,2,1,m
Kul'amara,Kul'amara,kul.a.ma.ra,4,1,f
Kul'razahn,Kul'razahn,kul.ra.zaan,3,1,m
Lilaju,Lilaju,li.la.ju,3,,f
Magovu,Magovu,ma.go.vu,3,,f
Witch Doctor Mai'jin,Mai'jin,mai.jin,2,1,m
Hex Lord Malacrass,Malacrass,ma.la.kras,3,,m
Huntsman Markhor,Mar'khor,mar.kor,2,1,m
Mithrethis the Enchanter,Mithrethis,mit.re.tis,3,,m
Otho Mojiko,Mojiko,mo.ji.ko,3,,m
Morta'gya the Keeper,Morta'gya,mor.ta.gya,3,2,f
Moz'jin,Moz'jin,moz.jin,2,1,m
Loa Speaker Nanea,Nanea,na.nea,2,,f
Nimar the Slayer,Nimar,ni.mar,2,,m
Ojin'ba,Ojin'ba,o.jin.ba,3,2,f
Ongo'longo,Ongo'longo,on.go.lon.go,4,2,m
Spearcrafter Otembe,Otembe,o.tem.be,3,,m
Panogo,Panogo,pa.no.go,3,,m
Qeeju,Qeeju,kee.ju,2,,m
Qiaga the Keeper,Qiaga,kia.ga,2,,f
"Rak'tul, Vessel of Souls",Rak'tul,rak.tul,2,1,m
Ral'jin,Ral'jin,ral.jin,2,1,m
Necrohexxer Raz'ka,Raz'ka,raz.ka,2,1,m
Renn'az,Renn'az,ren.az,2,1,m
Retherokk the Berserker,Retherokk,re.te.rok,3,,m
Rin'ji,Rin'ji,rin.ji,2,1,m
Shnel,Shnel,shnel,1,,m
Loa Speaker Sij'ta,Sij'ta,sij.ta,2,1,m
Tak'lejo,Tak'lejo,tak.le.jo,3,1,m
Tavikko,Tavikko,ta.vik.ko,3,,m
Ter'lij,Ter'lij,ter.lij,2,1,m
Warlord Thresh'jin,Thresh'jin,tresh.jin,2,1,m
Voodooist Timan,Timan,ti.man,2,,m
Loa Speaker Tobui,Tobui,to.bui,2,,m
Nija Torntusk,Nija,ni.ja,2,,f
Torundo the Grizzled,Torundo,to.run.do,3,,m
Tregla,Tregla,treg.la,2,,m
Marli Two-Toes,Marli,mar.li,2,,m
Umboda Three-Heads,Umboda,um.bo.da,3,,m
Vex'tul,Vex'tul,vex.tul,2,1,m
King A'akul,A'akul,a.a.kul,3,1,m
A'danu,A'danu,a.da.nu,3,1,m
A'dru,A'dru,a.dru,2,1,m
Jamil Abul'housin,Abul'housin,a.bul.hu.sin,4,2,m
Atal'jani Ack'uff,Ack'uff,ak.uf,2,1,f
"Ahlswede the ""Mapmon""",Ahlswede,aal.swe.de,3,,m
Beastcaller Aht'lutal,Aht'lutal,aat.lu.tal,3,1,m
Scalper Ahunae,ahunae,aa.u.nae,3,,m
Aitan,Aitan,ai.tan,2,,m
Aka'ali the Conqueror,Aka'ali,a.ka.a.li,4,2,f
Windweaver Akil'amon,Akil'amon,a.kil.a.mon,4,2,m
Prelate Akk'al,Akk'al,ak.al,2,1,m
War-God Al'chukla,Al'chukla,al.chuk.la,3,1,m
Al'tabim the All-Seeing,Al'tabim,al.ta.bim,3,1,m
Aljabri,Aljabri,al.jab.ri,3,,m
Priestess Alun'za,Alun'za,a.lun.za,3,2,f
Aman de Child,Aman,a.man,2,,f
Wavesinger Amon,Amon,a.mon,2,,m
Weaver Anaasha,Anaasha,a.naa.sha,3,,f
Anji the Thundering,Anji ,an.ji,2,,?
Ansari,Ansari,an.sa.ri,3,,m
Apari,Apari,a.pa.ri,3,,f
Arbo,Arbo,ar.bo,2,,m
High Priestess Arlokk,Arlokk,ar.lok,2,,f
Aronson the Vile,Aronson,a.ron.son,3,,m
Asgari,Asgari,as.ga.ri,3,,f
Chronicler Ash'tari,Ash'tari,ash.ta.ri,3,1,f
Atulanji,Atulanji,a.tu.lan.ji,4,,f
Awakaya,Awakaya,a.wa.ka.ya,4,,f
Azala,Azala,a.za.la,3,,f
Lord Azi,Azi,a.zi,2,,m
Stalker Azibo,Azibo,a.zi.bo,3,,m
Kraal Master B'khor,B'khor,b.kor,2,1,m
B'wizati,B'wizati,b.wi.za.ti,4,1,f
Ba'kari,Ba'kari,ba.ka.ri,3,1,m
Chronicler Bah'Kini,Bah'Kini,baa.ki.ni,3,1,f
Captain Bajin,Bajin,ba.jin,2,,f
Balina,Balina,ba.li.na,3,,f
Ban'zal,Ban'zal,ban.zal,2,1,f
Handler Bazkoji,Bazkoji,baz.ko.ji,3,,m
Bi'li,Bi'li,bi.li,2,1,f
Biru The Drunk,Biru,bi.ru,2,,m
Bezime,Bezime,be.zi.me,3,,m
Loa Speaker Bola,Bola,bo.la,2,,m
Bree'jo,Bree'jo,bree.jo,2,1,m
Lucky Bunuji,Bunuji,bu.nu.ji,3,,m
Atal'jani Buz'ack,Buz'ack,buz.ak,2,1,m
Bugcatcher Cal'yoon,Cal'yoon,cal.yoon,2,1,m
Spiritbinder Cha'lat,Cha'lat,cha.lat,2,1,m
Chabal,Chabal,cha.bal,2,,m
Paku'ai Chal,Chal,chal,1,,f
Chief Chan'Tika,Chan'Tika,chan.tika,2,1,f
Watcher Char'mayne,Char'mayne,char.may.ne,3,1,f
Loa Speaker Chel'ra,Chel'ra,chel.ra,2,1,f
Chin'ika,Chin'ika,cin.ika,2,1,f
Chizus,Chizus,chi.zus,2,,f
Chuba,Chuba,chu.ba,2,,f
Chukay,Chukay,chu.kay,2,,f
Chumbergo,Chumbergo,chum.ber.go,3,,?
Ci'ji,Ci'ji,ci.ji,2,1,f
Co'man,Co'man,co.man,2,1,m
Dockmaster Cobo,Cobo,co.bo,2,,m
Endo Coinkeeper,Endo,en.do,2,,m
Corcho,Corcho,cor.cho,2,,m
Crazzak the Heretic,Crazzak,kraz.zak,2,,m
Captain Dam'en,Dam'en,dam.en,2,1,m
Dadooma,Dadooma,da.doo.ma,3,,m
Element-Tamer Dagoda,Dagoda,da.go.da,3,,f
Dinomancer Dajingo,Dajingo,da.jin.go,3,,m
Enforcer Dakanji,Dakanji,da.kan.ji,3,,m
Dazar,Dazar,da.zar,2,,m
Wavesinger De'zan,De'zan,de.zan,2,1,m
Shinga Deathwalker,Shinga,shin.ga,2,,f
Duelin' Dinzo,Dinzo,din.zo,2,,m
Dohaman the Beast Lord,Dohaman,do.ha.man,3,,m
War-God Dokah,Dokah,do.kaa,2,,m
Don'ad,Don'ad,don.ad,2,1,m
Dra'al the Bloodthirsty,Dra'ak,dra.ak,2,1,m
Stormbringer Draz'kil,Draz'kil,draz.kil,2,1,m
Dregada,Dregada,dre.ga.da,3,,m
Drekal,Drekal,dre.kal,2,,m
Druga,Druga,dru.ga,2,,m
Siegebreaker Druku,Druku,dru.ku,2,,m
Dug'fraz,Dug'fraz,dug.fraz,2,1,m
Div'yane,Div'yane,div.ya.ne,3,1,f
E'ban,E'ban,e.ban,2,1,m
Interrogator Ekon,Ekon,e.kon,2,,m
Er'eek,Er'eek,er.eek,2,1,m
Exzhal,Exzhal,ex.zal,2,,m
Falthir the Sightless,Falthir,fal.tir,2,,m
Jahden Fla,Jahden,jaa.den,2,,m
Raptari Galo'wey,Galo'wey,ga.lo.wey,3,2,m
Gano,Gano,ga.no,2,,m
Gara'jal the Spiritbinder,Gara'jal,ga.ra.jal,3,2,m
Quartermaster Garza,Gar'za,gar.za,2,1,f
Ghaliri,Ghaliri,ga.li.ri,3,,m
Gheera,Gheera,gee.ra,2,,?
Stalker Gilta,Gilta,gil.ta,2,,f
Wingminder Goja,Goja,go.ja,2,,m
Raka Goldtusk,Raka,ra.ka,2,,f
Enforcer Gortok,Gortok,gor.tok,2,,m
Atal'zul Gotaka,Gotaka,go.ta.ka,3,,m
Bustroll Gozzako,Gozzako,goz.za.ko,3,,m
Quartermaster Gran,Gran,gran,1,,f
Grayal,Grayal,gra.yal,2,,m
Chronicler Grazzul,Grazzul,graz.zul,2,,m
Caprain Grez'ko,Grez'ko,grez.ko,2,1,m
Grozztok the Blackheart,Grozztok,groz.tok,2,,m
Grungo,Grungo,grun.go,2,,m
Gyran'zul,Gyran'zul,gi.ran.zul,3,2,m
Lady Ha'ti,Ha'ti,ha.ti,2,1,f
Ha'wana,Ha'wana,ha.wana,2,1,f
Witch Doctor Habra'du,Habra'du,hab.ra.du,3,2,m
Habutu,Habutu,ha.bu.tu,3,,m
Basher Hak'anjin,Hak'anjin,hak.an.jin,3,1,f
Milliner Hakkit,Hakkit,hak.kit,2,,m
Weaponmaster Halu,Halu,ha.lu,2,,m
Captain Halu'kal,Halu'kal,ha.lu.kal,3,2,m
Hanzabu,Hanzabu,han.za.bu,3,,m
Hex Priest Haraka,Haraka,ha.ra.ka,3,,m
Tall Hasani,Hasani,ha.sa.ni,3,,m
Trader Haw'li,Haw'li,haw.li,2,1,m
Haz'waz the Toxic,Haz'waz,haz.waz,2,1,m
Hekima the Wise,Hekima,he.ki.ma,3,,m
"""Bad Mojo"" Hojo",Hojo,ho.jo,2,,m
Holaja Da Drunk,Holaja,ho.la.ja,3,,f
Happy Holaua,Holaua,ho.law.a,3,,f
Beastmaster Horaki,Boraki,bo.ra.ki,3,,m
Howcha,Howcha,how.cha,2,,m
Bladeguard Hozzul,Hozzul,hoz.zul,2,,m
Huk,Huk,huk,1,,m
Witch Doctor Hukari,Hukari,hu.ka.ri,3,,m
Hula'mon,Hula'mon,hu.la.mon,3,2,m
Hun'ta,Hun'ta,hun.ta,2,1,m
Vessel Iluna,Iluna,i.lu.na,3,,f
Atal'jamba Iri,Iri,i.ri,2,,f
Lo'meli,Lo'meli,lo.me.li,3,1,m
Itai,Itai,i.tai,2,,m
Iyan,Iyan,i.yan,2,,m
J'eebi,J'eebi,j.ee.bi,3,1,f
Paku'ai Janessa,Janessa,ja.nes.sa,3,,f
Chronicler Jabari,Jabari,ja.ba.ri,3,,m
Beastmother Jabati,Jabati,ja.ba.ti,3,,f
Jabra'kan the Poacher,Jabra'kan,jab.ra.kan,3,2,m
Jah'nii,Jah'nii,jaa.nii,2,1,f
Prelate Jakit,Jakit,ja.kit,2,,f
Witch Doctor Jala,Jala,ja.la,2,,f
War-God Jalak,Jalak,ja.lak,2,,m
First Mate Jam'ari,Jamri,jam.ri,2,,f
First Mate Jamboya,Jamboya,jam.bo.ya,3,,m
Jamingo,Jamingo,ja.min.go,3,,m
Janena,Janena,ja.ne.na,3,,f
Witch Doctor Jangalar,Jangalar,jan.ga.lar,3,,f
Janraja,Janraja,jan.ra.ja,3,,f
Paku'ai Jasi,Jasi,ja.si,2,,f
Steelweaver Javee,Javee,ja.vee,2,,f
Je'stry,Je'stry,je.stri,2,1,m
Jek'kwa,Jek'kwa,jek.kwa,2,1,m
High Priestess Jeklik,Jeklil,jek.lil,2,,f
Jemba the Radiant,Jemba,jem.ba,2,,f
Loa Speaker Jen'ka,Jen'ka,jen.ka,2,1,f
Jes'tri,Jes'tri,jes.tri,2,1,m
Jet'ar,Jet'ar,jet.ar,2,1,m
Paku'ai Jetar,Jetar,je.tar,2,,m
Jin'alun,Jin'alun,jin.a.lun,3,1,f
Jin'asula,Jin'asula,jun.a.su.la,4,1,m
Jin'rokh,Jin'rokh,jin.rok,2,1,m
Jin'Tiki,Jin'Tiki,jin.tiki,2,1,m
Jinifur,Jinifur,ji.ni.fur,3,,f
Headhunter Jo,Jo,jo,1,,m
Jo'chunga,Jo'chunga,jo.chun.ga,3,1,m
Jo'gus,Jo'gus,jo.gus,2,1,m
Darkspeaker Jo'la,Jo'la,jo.la,2,1,m
"Jo'nok, Bulwark of Torcali",Jo'nok,jo.nok,2,1,m
Jo'shi,Jo'shi,jo.shi,2,1,m
Happy Jolta,Jolta,jol.ta,2,,m
Ol' Jonda,Jonda,jon.da,2,,m
Loa Speaker Joo'li,Joo'li,joo.li,2,1,f
Arcweaver Jor'guva,Jor'guva,jor.gu.va,3,1,m
Jorak,Jorak,jo.rak,2,,m
Bladeguard Jorana,Jorana,jo.ra.na,3,,f
Jorii,Jorii,jo.rii,2,,f
Jorja,Jorja,jor.ja,2,,f
Ju'ri,Ju'ri,ju.ri,2,1,f
Ju'tan,Ju'tan,ju.tan,2,1,m
Judno,Judno,jud.no,2,,m
Julwaba,Julwaba,jul.wa.ba,3,,f
Historian Jum'Flitmo,Jum'Flitma,"jum.flit,ma",2,1,m
Juma,Juma,ju.ma,2,,m
Jumash,Jumash,ju.mash,2,,m
Scout Jumju,Jumju,jum.ju,2,,m
Jumju,Jumju,jum.ju,2,,m
Junanji,Junanji,ju.nan.ji,3,,m
Hexpriest Junda,Junda,jun.da,2,,m
Junji,Junji,jun.ji,2,,m
Ka'reez,Ka'reez,ka.reez,2,1,m
Ka'ro the Chopper,Ka'ro,ka.ro,2,1,m
Ka'urt,Ka'urt,ka.urt,2,1,m
Kahti,Kahti,kaa.ti,2,,f
Kaiani,Kaiani,kai.a.ni,3,,f
Prelate Kaj'ra,Kaj'ra,kaj.ra,2,1,f
Kal'dran,Kal'dran,kal.dran,2,1,m
Hexmother Kala,Kala,ka.la,2,,f
Beast Handler Kalatak,Kalatak,ka.la.tak,3,,m
Ra'wani Kanae,Kanae,ka.nae,2,,f
Wavesinger Kari,Kari,ka.ri,2,,f
Scout Kas'cha,Kas'cha,kas.cha,2,1,f
Pa'kura Kash'jani,Kash'jani,kash.ja.ni,3,1,m
Kaymon,Kaymon,kay.mon,2,,m
Kaza the Skyblade,Kaza,ka.za,2,,m
Kaza'jin the Wavebinder,Kaza'jin,ka.za.jin,3,2,m
Kazerin,Kazerin,ka.ze.rin,3,,m
Dockmaster Kazibo,Kazibo,ka.zi.bo,3,,m
Kazoa,Kazoa,ka.zoa,2,,m
Witch Doctor Kejabu,Kejabu,ke.ja.bu,3,,m
Kejina,Kejina,ke.ji.na,3,,f
Khal'ak,Khal'ak,kal.ak,2,1,f
Khar'vaxal the Cracked,Khar'vaxel,ar.va.xel,3,1,m
Prophet Khar'zul,Khar'zul,kar.zul,2,1,m
Khila,Khila,ki.la,2,,f
Witch Doctor Khufu,Khufu,ku.fu,2,,m
Ki'mon,Ki'mon,ki.mon,2,1,m
Loa-Speaker Kihara,Kihara,ki.ha.ra,3,,f
Huntmaster Kil'ja,Kil'ja,kil.ja,2,1,f
High Priestess Kilnara,Kilnara,kil.na.ra,3,,f
Dinomancer Kish'o,Kish'o,kish.o,2,1,f
Chronicler Kizani,Kizani,ki.za.ni,3,,f
Wardruid Ko'chus,Ko'chus,ko.chus,2,1,m
Advisor Ko'jan,Ko'jan,ko.jan,2,1,f
Koari,Koari,koa.ri,2,,f
Kofu,Kofu,ko.fu,2,,m
Mixin' Mojo Kojo,Kojo,ko.jo,2,,m
Spearmon Kol,Kol,kol,1,,m
Madam Konawla,Konawla,ko.naw.la,3,,f
Koo'li,Koo'li,koo.li,2,1,f
Beast Handler Kooley,Kooley,koo.ley,2,,m
Kooma,Kooma,koo.ma,2,,f
Atal'jamba Kor,Kor,kor,1,,f
Wild Kranzae,Kranzae,kran.zae,2,,f
Kresh the Ripper,Kresh,kresh,1,,m
Krugah,Krugah,kru.gaa,2,,m
Ku'lai the Skyclaw,Ku'lai,ku.lai,2,1,m
Kula the Butcher,Kula,ku.la,2,,f
Clever Kumali,Kumali,ku.ma.li,3,,f
Kunojin,Kunojin,ku.no.jin,3,,m
Loa Speaker Kur'taji,Kur'taji,kur.ta.ji,3,1,m
Beastlord L'kala,L'kala,l.ka.la,3,1,f
Wavemaster Lanfa,Lanfa,lan.fa,2,,f
Headhunter Lani,Lani,la.ni,2,,f
Chronicler Laz'Kino,Laz'kino,laz.ki.no,3,1,f
Paku'ai Leti,Leti,le.ti,2,,f
Li'zal,Li'zal,li.zal,2,1,f
Provisioner Lija,Lija,li.ja,2,,f
Witch Doctah Likola,Likola,li.ko.la,3,,f
Loanati,Loanati,loa.na.ti,3,,f
Lok the Rock,Lok,lok,1,,m
Wardruid Loti,Loti,lo.ti,2,,f
Loz the Paku'ai,Loz,loz,1,,f
Lozu,Lozu,lo.zu,2,,f
M'oa,M'oa,m.oa,2,1,m
Guardian M'sheke,M'sheke,m.she.ke,3,1,f
Ma'ri,Ma'ri,ma.ri,2,1,f
Maaka,Maaka,maa.ka,2,,m
Mah'ral,Mah'ral,maa.ral,2,1,f
Maharba,Maharba,maa.ar.ba,3,,m
Makaanji,Makaanji,ma.kaan.ji,3,,f
Makalla,Makalla,ma.kal.la,3,,f
Cooka Mala,Mala,ma.la,2,,m
Acolyte Mali,Mali,ma.li,2,,f
Deathspeaker Malo'rek,Malo'rek,ma.lo.rek,3,2,m
Enforcer Malzon,Malzon,mal.zon,2,,f
Mambu,Mambu,mam.bu,2,,m
Arcanital Mara'kah,Mara'kah,ma.ra.kaa,3,2,m
Trader Masan'ka,Masan'ka,ma.san.ka,3,2,f
Bo'tzun Maset,Maset,ma.set,2,,f
Beastcaller Mat'talor,Mat'talor,mat.ta.lor,3,1,m
Matan,Matan,ma.tan,2,,m
Maywiki,Maywiki,may.wi.ki,3,,f
Maz'taka,Maz'taka,maz.ta.ka,3,1,m
Meijani,Meijani,mei.ja.ni,3,,f
Meiwatha,Meiwatha,mei.wa.ta,3,,f
Aneka Melae,Melae,me.lae,2,,f
Meli'wa,Meli'wa,me.li.wa,3,2,f
Mengazi,Mengazi,men.ga.zi,3,,m
Michul'mon,Michul'mon,mi.chul.mon,3,2,m
Moaja,Moaja,moa.ja,2,,f
Mojambo,Mojambo,mo.jam.bo,3,,m
Stalker Mojica,Mojica,mo.ji.ka,3,,f
Mojoba,Mojoba,mo.jo.ba,3,,m
Molthor,Molthor,mol.tor,2,,m
Mor'fani the Exile,Mor'fani,mor.fa.ni,3,1,m
Motla,Motla,mot.la,2,,f
Navigator Moye,Moye,mo.ye,2,,m
Moz'di,Moz'di,moz.di,2,1,m
Mozesha,Mozesha,mo.ze.sha,3,,f
Mooncaller Mozo'kas,Mozo'kas,mo.zo.kas,3,2,f
Mugjabu,Mugjabu,mug.ja.bu,3,,m
Trader Munengo,Munengo,mu.nen.go,3,,m
Muzingi,Muzingi,mu.zin.gi,3,,m
Ta'mil Nadu,Ta'mil,ta.mil,2,1,m
Nailok,Nailok,nai.lok,2,,m
Nakk'rakas,Nakk'rakas,nak.ra.kas,3,1,m
Nalakana,Nalakana,na.la.ka.na,4,,f
Wavesinger Nalu,Nalu,na.lu,2,,f
Natal'hakata,Natal'hakata,na.tal.ha.ka.ta,5,2,m
Nav'rae,Nav'rae,nav.rae,2,1,f
Nazara,Nazara,na.za.ra,3,,f
Nepatalo,Nepatalo,ne.pa.ta.lo,4,,f
Nime,Nime,ni.me,2,,f
Captain Nir'zan,Nir'zan,nir.zan,2,1,m
Atal'Jani Niv'ek,Niv'ek,niv.ek,2,1,m
Wingrider Nivek,Nivek,nivek,1,,m
No'ci the Scribe,No'ci,no.ki,2,1,f
Nofal,Nofal,no.fal,2,,f
Nok'tal,Nok'tal,nok.tal,2,1,m
Nokali the Scarred,Nokali,no.ka.li,3,,m
Nokano,Nokano,no.ka.no,3,,m
Nolaki,Nolaki,no.la.ki,3,,f
Paku'ai Noshata,Noshata,no.sha.ta,3,,m
Basher Nujia,Nujia,nu.jia,2,,f
Nurkala,Nurkala,nur.ka.la,3,,m
Outfitter Nuya,Nuya,nu.ya,2,,f
O'livia,O'livia,o.li.via,3,1,f
Ofer the Silkmender,Ofer,o.fer,2,,m
Ogopo,Ogopo,o.go.po,3,,m
Witch Doctor Oinga,Oinga,o.in.ga,3,,f
Old Tella,Tella,tel.la,2,,m
Otoye,Otoye,o.to.ye,3,,f
Spiritbinder Pa'chek,Pa'chek,pa.chek,2,1,m
Kal'ia Pa'kuaya,Kal'ia,kal.ia,2,1,f
Pachu,Pachu,pa.chu,2,,m
Caretaker Padae,Padae,pa.dae,2,,m
Captain Paikee,Paikee,pai.kee,2,,m
Pakina,Pakina,pa.ki.na,3,,f
Pan'ya,Pan'ya,pan.ya,2,1,f
Caretaker Patiko,Patiko,pa.ti.ko,3,,m
Queen Patlaa,Patlaa,pat.laa,2,,f
Pin'jin the Patient,Pin'jin,pin.jin,2,1,m
Poki,Poki,po.ki,2,,f
Trader Pro'ditor,Pro'ditor,pro.di.tor,3,1,m
Arcanital Ra'kul,Ra'kul,ra.kul,2,1,m
Ra'sha,Ra'sha,ra.sha,2,1,m
Ra'wiri,Ra'wiri,ra.wi.ri,3,1,m
Hexlord Raal,Raal,raal,1,,m
Rafae,Rafae,ra.fae,2,,m
Rah'chil,Rah'chil,raa.chil,2,1,f
King Rahu'ai,Rahu'ai,ra.hu.ai,3,2,m
Rajin,Rajin,ra.jin,2,,m
Rakera,Rakera,ra.ke.ra,3,,f
Rakle the Wretched,Rakle,rak.le,2,,f
Shanky Ralla,Ralla,ral.la,2,,f
Rana the Cutta,Rana,ra.na,2,,f
Rani,Rani,ra.ni,2,,f
King Rastakhan,Rastakhan,ras.ta.kan,3,,m
High Prelate Rata,Rata,ra.ta,2,,f
Rav,Rav,rav,1,,m
Rawajo,Rawajo,ra.wa.jo,3,,m
Ray'zon,Ray'zon,ray.zon,2,1,m
Razaji,Razaji,ra.za.ji,3,,m
Razambi the Drunk,Razambi,ra.zam.bi,3,,m
Razgaji,Razgaji,raz.ga.ji,3,,m
Shadowblade Razi,Razi,ra.zi,2,,m
Razjuto,Razjuto,raz.ju.to,3,,m
Reiyon,Reiyon,rei.yon,2,,m
Wavesinger Rekan,Rekan,re.kan,2,,m
Reo'kah,Reo'kah,reo.kaa,2,1,m
Rez'caza,Rez'caza,rez.ka.za,3,1,m
Captain Rez'okun,Rez'okun,rez.o.kun,3,1,m
Rhan'ka,Rhan'ka,ran.ka,2,1,m
Rin'wosho the Trader,Rin'wosho,rin.wo.sho,3,1,m
Rina the Traveler,Rina,ri.na,2,,f
Paku'ai Rip'nata,Rip'nata,rip.na.ta,3,1,f
Ripa the Wind Ripper,Ripa,ri.pa.,3,,m
Siegebreaker Roka,Roka,ro.ka,2,,m
Paku'ai Rokota,Rokota,ro.ko.ta,3,,f
Lookout Ronaku,Ronaku,ro.na.ku,3,,m
Rooma,Rooma,roo.ma,2,,f
Rosie the Hitmon,Rosie,ro.sie,2,,f
Rovash the One Eyed,Rovash,ro.vash,2,,m
Sa'rii,Sa'rii,sa.rii,2,1,f
Sa'tiib,Sa'tiib,sa.tiib,2,1,m
Conqueror Salu,Salu,sa.lu,2,,m
Samara,Samara,sa.ma.ra,3,,f
Sameh,Sameh,sa.mee,2,,m
Saree,Saree,sa.ree,2,,f
Guard Satao,Satao,sa.tao,2,,m
Secott the Goldsmith,Secott,se.kot,2,,m
Sejiju,Sejiju,se.ji.ju,3,,m
Enforcer Sekal,Sekal,se.kal,2,,f
Ravasur Master Sen'ja,Sen'ja,sen.ja,2,1,m
Seshi,Seshi,se.shi,2,,m
Seshuli,Seshuli,se.shu.li,3,,f
Sezah'jin,Sezah'jin,se.zaa.jin,3,2,m
Lookout Sezza,Sezza,sez.za,2,,f
The Matron Shaazula,Shaazula,shaa.zu.la,3,,f
Shado,Shado,sha.do,2,,m
Shakaeja,Shakaeja,sha.kae.ja,3,,f
Loa Speaker Shan'kan,Shan'kan,shan.kan,2,1,m
Sharisanda,Sharisanda,sha.ri.san.da,4,,f
Shaz'ki,Shaz'ki,shaz.ki,2,1,f
Deathspeaker Sho'jin,Sho'jin,sho.jin,2,1,m
Ol' Shu,Shu,shu,1,,m
Sian'Shim,Sian'Shim,sian.shim,2,1,m
Pa'kura Skai,Skai,skai,1,,f
Skodu,Skodu,sko.du,2,,m
Bos'n Sno,Sno,sno,1,,?
Beast Handler Sonaba,Sonaba,so.na.ba,3,,f
Ranzul Sonja,Ranzul,ran.zul,2,,m
Zuaba Sonja,Zuaba,zua.ba,2,,m
Bladeguard Sonji,Sonji,son.ji,2,,f
No'ku Stormsayer,No'ku,no.ku,2,1,m
Beast Handler Sujani,Sujani,su.ja.ni,3,,f
Sulazi,Sulazi,su.la.zi,3,,f
Sur'jan,Sur'jan,sur.jan,2,1,m
Surkhan,Surkhan,sur.kan,2,,m
Swolina,Swolina,swo.li.na,3,,f
T'Chua,T'Chua,t.chua,2,1,m
T'lama,T'lama,t.la.ma,3,1,f
T'sarah the Royal Chef,T'sarah,t.sa.raa,3,1,f
Beast Handler Tahno,Tahno,taa.no,2,,m
Taiani,Taiani,tai.a.ni,3,,f
Talak,Talak,ta.lak,2,,m
Talanji,Talanji,ta.lan.ji,3,,f
Silent Tali,Tali,ta.li,2,,f
Captain Talisa,Talisa,ta.li.sa,3,,f
Talutu,Talutu,ta.lu.tu,3,,m
Tanubu,Tanubu,ta.nu.bu,3,,m
Bladeguard Tarkaj,Tarkaj,tar.kaj,2,,m
Tasha,Tasha,ra.sha,2,,f
Taszae,Taszae,tas.zae,2,,f
Taxson,Taxson,tax.son,2,,m
Tayo,Tayo,ta.yo,2,,f
Tayusha,Tayusha,ta.yu.sha,3,,f
Taz'jin,Taz'jin,taz.jin,2,1,m
Taz'la the Vulgar,Taz'la,taz.la,2,1,f
Taz'kan,Taz'kan,taz.kan,2,1,m
Spiritbinder Tec'uat,Tec'uat,tek.uat,2,1,m
Ted'ja,Ted'ja,ted.ja,2,1,m
Meatminder Teki,Teki,te.ki,2,,f
Stalker Tenoch,Tenoch,te.nok,2,,m
Teshunji,Teshunji,te.shun.ji,3,,m
Teshyambi,Teshyambi,tesh.yam.bi,3,,f
Tesinjo,Tesinjo,te.sin.jo,3,,m
Tezi,Tezi,te.zi,2,,m
Tezlekhan,Tezlekhan,tez.le.kan,3,,m
Than'jon,Than'jon,tan.jon,2,1,m
High Priest Thekal,Thekal,te.kal,2,,m
Tik'su,Tik'su,tik.su,2,1,m
Chronicler To'kini,To'kini,to.ki.ni,3,1,m
Witch Doctah Toko,Toko,to.ko,2,,m
Tol'mar,Tol'mar,tol.mar,2,1,m
Tonai,Tonai,to.nai,2,,m
Tongo,Tongo,ton.go,2,,m
Toranko,Toranko,to.ran.ko,3,,m
Blind Tra'wala,Tra'wala,tra.wa.la,3,1,f
Lieutenant Trag'kal,Trag'kal,trag.kal,2,1,m
Tre'bah,Tre'bah,tre.baa,2,1,?
Wise Tu'aka,Tu'aka,tu.a.ka,3,1,m
Spiritbinder Tu'check,Tu'check,tu.chek,2,1,m
Beastcaller Tuk'wa,Tuk'wa,tuk.wa,2,1,m
Tul'jun the Dreamer,Tul'jun,tul.jun,2,1,m
Arcanital Tula'chek,Tula'chek,tu.la.chek,3,2,m
Beast Handler Tunse,Tunse,tun.se,2,,m
Tusajia,Tusajia,tu.sa.jia,3,,f
Trak Tuskbender,Trak,trak,1,,f
Hexxer Ubungo,Ubungo,u.bun.go,3,,m
"Zia ""Sortcuts"" Ujani",Ujani,u.ja.ni,3,,f
Windcaller Ula'jan,Ula'jan,u.la.jan,3,2,m
Uluami,Uluami,u.lua.mi,3,,f
Lookout Ungalra,Ungalra,un.gal.ra,3,,f
Atal'jamba Ungo,Ungo,un.go,2,,m
Witchdoctor Unnraz,Unnraz,un.raz,2,,m
Arcweaver Uzan,Uzan,u.zan,2,,m
Vanashi,Vanashi,va.na.shi,3,,m
Vanoza,Vanoza,va.no.za,3,,f
Crazy Vaza,Vaza,va.za,2,,m
Beastmaster Veayeka,Veayeka,vea.ye.ka,3,,f
High Priest Venoxis,Venoxis,ve.no.xis,3,,m
Atal'Akunda Ver'sara,Ver'sara,ver.sa.ra,3,1,f
Paku'ai Verraki,Verraki,ver.ra.ki,3,,f
Vilnak'dor,Vilnak'dor,vil.nak.dor,3,2,m
Vinaya,Vinaya,vi.na.ya,3,,f
Vinchaxa,Vinchaxa,vin.cha.xa,3,,m
Siegebreaker Vol'gar,Vol'gar,vol.gar,2,1,m
Vol'jamba,Vol'jamba,vol.jam.ba,3,1,m
Huntsmaster Vol'ka,Vol'ka,vol.ka,2,1,f
Vol'kaal,Vol'kaal,vol.kaal,2,1,m
Doomsayer Volkini,Volkini,vol.ki.ni,3,,f
Lookout Vor'sul,Vor'sul,vor.sul,2,1,f
Servant Vonja,Vonja,von.ja,2,,f
Priestess Vulja,Vulja,vul.ja,2,,f
Vulnullu,Vulnullu,vul.nul.lu,3,,f
Vunanju,Vunanju,vu.nan.ju,3,,m
Zunaga Wana,Wana,wa.na,2,,m
Queen Wasi,Wasi,wa.si,2,,f
Granda Watae,Watae,wa.tae,2,,f
Win'sa,Win'sa,win.sa,2,1,f
Xanjo,Xanjo,xan.jo,2,,m
Xan'laji,Xan'laji,xan.la.ji,3,1,m
Xenxuju,Xenxuju,xen.xu.ju,3,,m
Interrogator Xi'pe,Xi'pe,xi.pe,2,1,m
Keeper Xibek,Xibek,xi.bek,2,,m
Ximo the Callous,Xumo,xu.mo,2,,m
Xombo,Xombo,xom.bo,2,,m
Xumanu the Twisted,Xumanu,xu.ma.nu,3,,m
Yamuna,Yamuna,ya.mu.na,3,,f
"""Tuskbreaker"" Yana",Yana,ya.na,2,,f
Yazma,Yazma,yaz.ma,2,,f
Yelhem,Yelhem,yel.hem,2,,f
Yoru'cha,Yoru'cha,yo.ru.cha,3,2,m
Prelate Za'lan,Za'lan,za.lan,2,1,f
Za'mala,Za'mala,za.ma.la,3,1,m
Za'roco the Grifter,Za'roco,za.ro.ko,3,1,m
Chef Zab'aji,Zab'aji,zab.a.ji,3,1,m
Zabanji,Zabanji,za.ban.ji,3,,m
Zabar,Zabar,za.bar,2,,m
Captain Zadari,Zadari,za.da.ri,3,,f
Zah'ki,Zah'ki,zaa.ki,2,1,m
Zajera the Huntress,Zahera,daa.e.ra,3,,f
Forgemaster Zak'aal,Zak'aal,zak.aal,2,1,m
Loa Speaker Zako,Zako,za.ko,2,,m
Dinomancer Zakuru,Zakuru,za.ku.ru,3,,m
Zal'jen,Zal'jen,zal.jen,2,1,m
Zalanti,Zalanti,za.lan.ti,3,,m
Zalgo the Explorer,Zalgo,zal.go,2,,m
Captain Zalkran,Zalkran,zal.kran,2,,m
Zaluto,Zaluto,za.lu.to,3,,m
Zaluzibo,Zaluzibo,za.lu.zi.bo,4,,m
Old Zamba,Zamba,zam.ba,2,,m
Zan'ji,Zan'ji,zan.ji,2,1,f
Zanazal the Wise,Zanazal,za.na.zal,3,,m
Servant Zancha,Zancha,zan.cha,2,,f
Zandelvari,Zandelvari,zan.del.va.ri,4,,m
Berserker Zar'ri,Zar'ri,zar.ri,2,1,f
Wavesinger Zara,Zar'ri,zar.ri,2,1,f
Zarah,Zarah,za.raa,2,,f
Trader Zatanji,Zatanji,za.tan.ji,3,,f
Zauljin,Zauljin,zaul.jin,2,,m
Zuvembi Brewer Zekal,Zekal,ze.kal,2,,m
Zelley,Zelley,zel.ley,2,,f
Zelrin,Zelrin,zel.rin,2,,m
Pirate-King Zem'lan,Zem'lan,zem.lan,2,1,m
Captain Zen'taga,Zen'taga,zen.ta.ga,3,1,f
Zena the Feeder,Zena,ze.na,2,,f
Zenbaro,Zenbaro,zen.ba.ro,3,,m
Zenda,Zenda,zen.da,2,,f
Taskmaster Zendu,Zendu,zen.du,2,,m
Zenjibo,Zenjibo,zen.ji.bo,3,,m
"""Black Eye"" Zenru",Zenru,zen.ru,2,,m
Witch Doctor Zentimo,Zentimo,zen.ti.mo,3,,m
Vessel Zetoa,Zetoa,ze.toa,2,,f
Zhan,Zhan,zan,1,,f
Ziaeja,Ziaeja,zia.e.ja,3,,f
Zikii,Zikii,zi.kii,2,,f
Zinja Ujomei,Zinja,zin.ja,2,,f
Barder Zitaki,Zitaki,zi.ta.ki,3,,f
Zolani,Zolani,zo.la.ni,3,,f
Zuaji,Zuaji,zua.ji,2,,m
Zujai,Zujai,zu.jai,2,,f
Zukashi,Zukashi,zu.ka.shi,3,,m
Zul,Zul,zul,1,,m
Zul'aki the Headhunter,Zul'aki,zul.a.ki,3,1,m
Zulathra,Zulathra,zu.lat.ra,3,,m
Zuna,Zuna,zu.na,2,,f
Zunashi the Exile,Zunashi,zu.na.shi,3,,m
Outfitter Zunda,Zunda,zun.da,2,,f
Zununu the Undefeated,Zununu,zu.nu.nu,3,,m
Zur'chaka the Bonecrafter,Zur'chaka,zur.cha.ka,3,1,m
Zuteebe,Zuteebe,zu.tee.be,3,,m
Witchdoctor Zuwei,Zuwei,zu.wei,2,,f
Abu'gar,Abu'gar,a.bu.gar,3,2,m
Ahaxxa,Ahaxxa,a.hax.xa,3,,m
Akanja,Akanja,a.kan.ja,3,,f
Foreman Al'jibo,Al'jibo,al.ji.bo,3,1,m
Alascene,Alascene,a.las.ke.ne,4,,f
Ameenah,Ameenah,a.mee.naa,3,,f
An'timon,An'timon,an.ti.mon,3,1,m
Ana'thek the Curel,Ana'thek,a.na.tek,3,2,m
Venomancer Ant'su,Ant'su,ant.su,2,1,m
Ardsami,Ardsami,ard.sami,2,,f
Arin'sor,Arin'sor,a.rin.sor,3,2,f
Ki'ta Arrowtusk,Ki'ta,ki.ta,2,1,m
Ash'ergi,Ash'ergi,ash.er.gi,3,1,m
Shadow Hunter Askia,Askia,as.kia,2,,f
Ba'kon,Ba'kon,ba.kon,2,1,m
Ba'so,Ba'so,ba.so,2,1,m
Skumm Bag'go,Bag'go,bag.go,2,1,m
Baj'ura,Baj'ura,baj.u.ra,3,1,f
Bakkalzu,Bakkalzu,bak.kal.zu,3,,m
Banshi,Banshi,ban.shi,2,,m
Banteazo,Banteazo,ban.tea.zo,3,,f
Hexmaster Bastoon,Bastoon,bas.toon,2,,m
Batamsi,Batamsi,ba.tam.si,3,,f
Bath'rah the Windwatcher,Bath'rah,bat.raa,2,1,m
Scalper Bazuulu,Bazuulu,ba.zuu.lu,3,,m
Kin'toga Beastbane,Kin'toga,kin.to.ga,3,1,f
Beeyuh,Beeyuh,bee.yuu,2,,f
Berger the Steadfast,Berger,ber.ger,2,,m
Besh'iah,Besh'iah,besh.i.aa,3,1,f
Explorer Bezzert,Bezzert,bez.zert,2,,m
Bim'ini,Bim'ini,bim.i.ni,3,1,f
Amira Blazeweaver,Amira,a.mi.ra,3,,f
Veesha Blazeweaver,Veesha,vee.sha,2,,f
Ras'fari Bloodfrenzy,Ras'fari,ras.fa.ri,3,1,m
Ana Bloodteeth,Ana,a.na.tek,3,,f
Bo'danda,Bo'danda,bo.dan.da,3,1,m
Bo'ja,Bo'ja,bo.ja,2,1,f
Warmaster Bo'jo,Bo'jo,bo.jo,2,1,m
Bom'bay,Bom'bay,bom.bay,2,1,m
Bomsanchu,Bomsanchu,bom.san.chu,3,,m
Cliffkeeper Bouldani,Bouldani,buul.da.ni,3,,f
Braddok,Braddok,brad.dok,2,,m
Zubaji Brokenspear,Zubaji,zu.ba.ji,3,,m
Gheeda Bur'tan,Bur'tan,bur.tan,2,1,m
Buunu,Buunu,buu.nu,2,,m
Bwemba,Bwemba,bwem.ba,2,,f
Shadow Hunter Bwu'ja,Bwu'ja,bwu.ja,2,1,f
Ca'nees,Ca'nees,ka.nees,2,1,m
Caz'lek the Sleetbringer,Caz'lek,kaz.lek,2,1,m
Col'in,Col'in,col.in,2,1,m
Cona,Cona,co.na,2,,f
Crysa,Crysa,cri.sa,2,,f
D'rei,D'rei,d.rei,2,1,m
Shadow Hunter Da'jul,Da'jul,da.jul,2,1,m
Helmsman Da'vees,Da'vees,da.vees,2,1,m
Witch Doctor Daara,Daara,daa.ra,2,,f
Ginza Darktusk,Ginza,gin.za,2,,f
Iggy Darktusk,Iggy,ig.gi,2,,m
Dat'xus,Dat'xus,dat.xus,2,1,m
Daz'dono,Daz'dono,daz.do.no,3,1,m
Uzo Deathcaller,Uzo,u.zo,2,,m
Deino,Deino,dei.no,2,,f
Den'chulu,Den'chulu,den.chu.lu,3,1,f
Shadow Hunter Denjai,Denjai,den.jai,2,,m
Dennika,Dennika,den.ni.ka,3,,f
Doomsayer Din'ju,Din'ju,din.ju,2,1,m
Doyo'da,Doyo'da,do.yo.da,3,2,m
Zoltrik Bdrakebane,Zol'trik,zol.trik,2,1,m
Drifta,Drifta,drif.ta,2,,m
Zilzibin,Zilzibin,zil.zi.bin,3,,m
Du'ga,Du'ga,du.ga,2,1,m
Du'pre,Du'pre,du.pre,2,1,m
Watcher Du'una,Du'una,du.u.na,3,1,f
Durango,Durango,du.ran.go,3,,m
Windseeker Durja,Durja,dur.ja,2,,m
Sirka Duskfisher,Sirka,sir.ka,2,,f
E'sad,E'sad,e.sad,2,1,m
Canaga Earthcaller,Canaga,ca.na.ga,3,,m
Elfyra,Elfyra,el.fi.ra,3,,f
Enyo,Enyo,en.yo,2,,f
Ez'trin,Ez'trin,ez.trin,2,1,m
Fa'tafi,Fa'tafi,fa.ta.fi,3,1,f
Vel'rin Fang,Vel'rin,vel.rin,2,1,m
Farbosi,Farbosi,far.bo.si,3,,m
Fazerra,Fazerra,fa.zer.ra,3,,f
Gronda Feathercrush,Gronda,gron.da,2,,?
Unjari Feltongue,Unjari,un.ja.ri,3,,f
Neela Firebane,Neela,nee.la,2,,f
Zur'ak Firefist,Zur'ak,zur.ak,2,1,m
Apprentice Mijala Firehex,Mijala,mi.ja.la,3,,f
Kray'zin Firetusk,Kray'zin,kray.zin,2,1,f
Searn Firewarder,Searn,se.arn,2,,m
Lin'flin Fowlhunter,Lin'flin,lin.flin,2,1,?
Framnali,Framnali,fram.na.li,3,,f
Hoodoo Master Fu'jin,Fu'jin,fu.jin,2,1,m
Farseer Gadra,Gadra,ga.dra,2,,m
Master Gadrin,Gadrin,ga.drin,2,,m
Gahju,Gahju,gaa.ju,2,,m
Icemistress Gal'ha,Gal'ha,gal.ha,2,1,f
Headhunter Gal'wana,Gal'wana,gal.wa.na,3,1,m
Gambarinka,Gambarinka,gam.ba.rin.ka,4,,m
Volda Gan'dra,Gan'dra,gan.dra,2,1,f
Gan'zulah,Gan'zulah,gan.zu.laa,3,1,m
Garra,Garra,gar.ra,2,,f
Geba'li,Geba'li,ge.ba.li,3,2,m
Ged'kah,Ged'kah,ged.kaa,2,1,m
Geffon the Unruly,Geffon,gef.fon,2,,m
Gez'li,Gez'li,gez.li,2,1,f
Ajamon Ghostcaller,Ajamon,a.ja.mon,3,,f
Overseer Golbaz,Golbaz,gol.baz,2,,m
Voodoo Priest Golomojo,Golomojo,go.lo.mo.jo,4,,m
Gombana,Gombana,gom.ba.na,3,,f
Gor'gar,Gor'gar,gor.gar,2,1,m
Gora'tin,Gora'tin,go.ra.tin,3,2,m
Grenthar,Grenthar,gren.tar,2,,m
Gri'lek,Gri'lek,gri.lek,2,1,m
Griftah,Griftah,grif.taa,2,,m
Gub,Gub,gub,1,,m
Gur'zil,Gur'zil,gur.zil,2,1,m
Gurthani the Elder,Gurthani,gur.ta.ni,3,,f
Gusini,Gusini,gu.si.ni,3,,m
Huro'shal,Huro'shal,hu.ro.shal,3,2,m
Guzul'dar,Guzul'dar,gu.zul.dar,3,2,m
Hae'wilani,Hae'wilani,hae.wi.la.ni,4,1,f
High Priestess Hai'watna,Hai'watna,hai.wat.na,3,1,f
Hai'zan,Hai'zan,hai.zan,2,1,m
Hai'zujin,Hai'zujin,hai.zu.jin,3,1,m
Hajukka,Hajukka,ha.juk.ka,3,,m
Haka'wani,Haka'wani,ha.ka.wa.ni,4,2,f
Blood Guard Hakkuz,Hakkuz,hak.kuz,2,,m
Han'thul,Han'thul,han.tul,2,1,f
Hana'zua,Hana'zua,ha.na.zua,3,2,m
Hanashi,Hanashi,ha.na.shi,3,,m
Hane'ke,Hane'ke,ha.ne.ke,3,2,m
Argent Quartermaster Hasana,Hasana,ha.sa.na,3,,f
Haymon,Haymon,hay.mon,2,,m
Hazlek,Hazlek,haz.lek,2,,m
Hekazi,Hekazi,he.ka.zi,3,,m
Zabra Hexx,Hexx,hex,1,,m
Najak Hexxen,Hexxen,hex.xen,2,,m
Witch Doctor Hez'tok,Hez'tok,hez.tok,2,1,m
Blood Guard Hini'wana,Hini'wana,hi.ni.wa.na,4,2,m
Hira'jin,Hira'jin,hi.ra.jin,3,2,f
Hiro,Hiro,hi.ro,2,,m
First Sergeant Hola'mahi,Hola'mahi,ho.la.ma.hi,4,2,f
Priestess Hu'rala,Hu'rala,hu.ra.la,3,1,f
Hula'mahi,Hula'mahi,hu.la.ma.hi,4,2,m
Huju,Huju,hu.ju,2,,m
Iku'tak,Iku'tak,i.ku.tak,3,2,m
Ilalu,Ilalu,i.la.lu,3,,f
Indalamar,Indalamar,in.da.la.mar,4,,m
Shadow Hunter J'wan,J'wan,j.wan,2,1,m
Ja'kala,Ja'kala,ja.ka.la,3,1,f
Ja'kana,Ja'kana,ja.ka.na,3,1,m
Mojo Mender Ja'nah,Ja'nah,ja.naa,2,1,f
Ja'ron,Ja'ron,ja.ron,2,1,m
Ja'zaron,Ja'zaron,ja.za.ron,3,1,m
Ja'zoona,Ja'zoona,ja.zoo.na,3,1,f
Jabul,Jabul,ja.bul,2,,m
Wind Rinder Jahubo,Jahubo,ja.hu.bo,3,,m
Jakala the Cruel,Jakala,ja.ka.la,3,,f
Jakama,Jakama,ja.ka.ma,3,,f
Hexweaver Jakunda,Jakunda,ja.kun.da,3,,f
Captain Jalazko,Jalazko,ja.laz.ko,3,,m
Jamai,Jamai,ja.mai,2,,f
Skinner Jamani,Jamani,ja.ma.ni,3,,f
Jammal'an the Prophet,Jammal'an,jam.mal.an,3,2,m
Tuskmender Jan'zu,Jan'zu,jan.zu,2,1,f
Jandi,Jandi,jan.di,2,,f
Seer Janidi,Janidi,ja.ni.di,3,,f
Jasa,Jasa,ja.sa,2,,f
Jee'zee,Jee'zee,jee.zee,2,1,m
Jen'shan,Jen'shan,jen.shan,2,1,f
Jena,Jena,je.na,2,,f
Jes'rimon,Jes'rimon,jes.ri.mon,3,1,m
Una Ji'ro,Ji'ro,ji.ro,2,1,f
Jil'ti,Jil'ti,jil.ti,2,1,f
Jin'diza,Jin'diza,jin.di.za,3,1,f
Jin'do the Hexxer,Jin'do,jin.do,2,1,m
Provisioner Jin'hake,Jin'hake,jin.ha.ke,3,1,f
Vyse Jin'kala,Jin'kala,jin.ka.la,3,1,f
Jin'sora,Jin'sora,jin.so.ra,3,1,m
Jin'tago,Jin'tago,jin.ta.go,3,1,m
Portalkeeper Jin'tashal,Jin'tashal,jin.ta.shal,3,1,f
Jin'thala,Jin'thala,jin.ta.la,3,1,m
Witch Doctor Jin'Zil,Jin'Zil,jin.zil,2,1,m
Jinar'Zillen,Jinar'Zillen,ji.nar.zil.len,4,2,m
Overseer Jintak,Jintak,jin.tak,2,,f
Jo'bu,Jo'bu,jo.bu,2,1,m
Jo'mah,Jo'mah,jo.maa,2,1,m
Jojindi,Jojindi,jo.jin.di,3,,f
Joknon,Joknon,jok.non,2,,m
Telf Joolam,Joolam,joo.lam,2,,m
Jor'kil the Soulripper,Jor'kil,jor.kil,2,1,m
Jornun,Jornun,jor.nun,2,,m
Joro'man,Joro'man,jo.ro.man,3,2,m
Shadow Hunter Ju'loa,Ju'loa,ju.loa,2,1,m
Historian Ju'pa,Ju'pa,ju.pa,2,1,m
Jub'waz,Jub'waz,jub.waz,2,1,f
Warlord Jugan,Jugan,ju.gan,2,,m
Forstcaller Julh'ek,Julh'ek,jul.ek,2,1,m
Spiritbinder Jumjabu,Jumjabu,jum.ja.bu,3,,m
Jun'do the Traitor,Jun'do,jun.do,2,1,m
Hidetrader Jun'ik,Jun'ik,jun.ik,2,1,m
Juvess the Duskwhisperer,Juvess,ju.ves,2,,f
Juwanamana,Juwanamana,ju.wa.na.ma.na,5,,f
Scout Jyoba,Jyoba,jo.ba,2,,m
K'huta,K'huta,k.hu.ta,3,1,f
Senior Sergeant Kai'jin,Kai'jin,kai.jin,2,1,f
Shadow Hunter Kajassa,Kajassa,ka.jas.sa,3,,f
Kala'ma,Kala'ma,ka.la.ma,3,2,m
Kaluaka,Kaluaka,ka.lua.ka,3,,f
Kana'tin,Kana'tin,ka.na.tin,3,2,m
Kanga the Primal,Kanga,kan.ga,2,,f
Kanyaku,Kanyaku,kan.ya.ku,3,,m
Kasha,Kasha,ka.sha,2,,f
Kaulema the Mover,Kaulema,kau.le.ma,3,,m
Spiritwalker Kavi'je,Kavi'je,ka.vi.je,3,2,f
Kaz'arin,Kaz'arin,kaz.a.rin,3,1,m
Kaz'hiki,Kaz'hiki,kaz.hi.ki,3,1,f
Kazkaz the Unholy,Kazkaz,kaz.kaz,2,,m
Ken'jai,Ken'jai,ken.jai,2,1,m
Ken'zigla,Ken'zigla,ken.zig.la,3,1,m
Keren'dal,Keren'dal,ke.ren.dal,3,2,m
Kha'damu,Kha'damu,ka.da.mu,3,1,m
Khajin the Unyielding,Khajin,ka.jin,2,,m
Beast Handler Khajuku,Khajuku,ka.ju.ku,3,,f
Khalan,Khalan,ka.lan,2,,m
Ki'agnuu,Ki'agnuu,ki.ag.nuu,3,1,m
Kijara,Kijara,ki.ja.ra,3,,f
Kil'hala,Kil'hala,kil.hala,2,1,m
Kil'Hiwana,Kil'Hiwana,kil.hi.wa.na,4,1,f
Kil'karil,Kil'karil,kil.ka.ril,3,1,m
Kilweh,Kilweh,kil.wee,2,,m
Kil'zin of the Bloodscalp,Kil'zin,kil.zin,2,1,m
Kil'zin of the Darkspear,Kil'zin,kil.zin,2,1,m
Kilram,Kilram,kil.ram,2,,m
Kimbiza,Kimbiza,kim.bi.za,3,,f
Kin'weelay,Kin'weelay,kin.wee.lay,3,1,m
Ko'ari,Ko'ari,ko.a.ri,3,1,f
Ko'Zan,Ko'Zan,ko.zan,2,1,m
Kontokanis,Kontokanis,kon.to.ka.nis,4,,m
Witch Doctor Koo'zar,Koo'zar,koo.zar,2,1,m
Kor'ghan,Kor'ghan,kor.gan,2,1,m
Korran,Korran,kor.ran,2,,m
Kortin,Kortin,kor.tin,2,,m
Krah'ranik,Krah'ranik,kraa.ra.nik,3,1,m
Ku'ash,Ku'ash,ku.ash,2,1,m
Night-Stalker Ku'nanji,Ku'naji,ku.na.ji,3,1,m
Earthrender Ku'siva,Ku'siva,ku.si.va,3,1,f
Ku'tiri the Claw,Ku'tiri,ku.tiri,2,1,f
Headhunter Kuce'ba,Kuce'ba,ku.ke.ba,3,2,m
Kul'de,Kul'de,kul.de,2,1,m
Kuray'bin,Kuray'bin,ku.ray.bin,3,2,m
Kuz'vun,Kuz'vun,kuz.vun,2,1,m
Huntress Kuzari,Kuzari,ku.za.ri,3,,f
Kyunghee,Kyunghee,kyin.gee,2,,m
Lah'Mawhani,Lah'Mawhani,la.maw.ha.ni,4,1,f
Provisioner Lambala,Lambala,lam.ba.la,3,,f
Lando'sal,Lando'sal,lan.do.sal,3,2,m
Lau'Tiki,Lau'Tiki,lau.ti.ki,3,1,m
Shadow Hunter Laztoki,Laztoki,laz.to.ki,3,,f
Headhunter Leeza,Leeza,lee.za,2,,f
Legati,Legati,le.ga.ti,3,,m
Len'te the Bitter,Len'te,len.te,2,1,f
Fisherman Lin'do,Lin'do,lin.do,2,1,m
Lina'gar,Lina'gar,li.na.gar,3,2,f
Loa Priestess Izita,Izita,i.zi.ta,3,,f
Lono'tai,Lono'tai,lo.no.tai,3,2,m
Zealot Lor'Khan,Lor'Khan,lor.kan,2,1,f
Lorti,Lorti,lor.ti,2,,m
Lu'ka de Wall,Lu'ka,lu.ka,2,1,m
Lui'Mala,Lui'Mala,lui.ma.la,3,1,f
Lunzul,Lunzul,lun.zul,2,,f
Lytah,Lytah,li.taa,2,,f
Watcher M'barios,M'barios,m.ba.ri.os,4,1,m
Historian Ma'di,Ma'di,ma.di,2,1,f
Magasha,Magasha,ma.ga.sha,3,,f
Magura,Magura,ma.gu.ra,3,,f
Mai'ah,Mai'ah,mai.aa,2,1,f
Mai'Kyl,Mai'Kyl,mai.kil,2,1,m
Mai'Lahii,Mai'Lahii,mai.la.hii,3,1,f
Mai'zin,Mai'zin,mai.zin,2,1,m
Mak'jin,Mak'jin,mak.jin,2,1,m
Makasgar,Makasgar,ma.kas.gar,3,,m
Makavu,Makavu,ma.ka.vu,3,,m
Makuli,Makuli,ma.ku.li,3,,m
Blood Guard Mal'wani,Mal'wani,mal.wa.ni,3,1,m
Water Mal'wi,Mal'wi,mal.wi,2,1,f
Shadow Hunter Mala,Mala,ma.la,2,,f
Malo'wa,Malo'wa,ma.lo.wa,3,2,f
Shadow Hunter Maloa,Maloa,ma.loa,2,,m
Maloduri,Maloduri,ma.lo.du.ri,4,,f
Seer Malori,Malori,ma.lo.ri,3,,f
Malux,Malux,ma.lux,2,,m
Bloodlord Mandokir,Mandokir,man.do.kir,3,,m
Zy'lah Manslayer,Zy'lah,zi.laa,2,1,f
Mar'Lee,Mar'Lee,mar.lee,2,1,m
High Priestess Mar'li,Mar'li,mar.li,2,1,f
Marah,Marah,ma.raa,2,,f
Marara,Marara,ma.ra.ra,3,,f
Handler Marnlek,Marnlek,marn.lek,2,,m
Maru'sa,Maru'sa,ma.ru.sa,3,2,f
Marukai,Marukai,ma.ru.kai,3,,f
Witch Doctor Mau'ari,Mau'ari,mau.a.ri,3,1,f
Mau'iti,Mau'iti,mau.i.ti,3,1,m
Venomancer Mauri,Mauri,mau.ri,2,,f
Maz'dinah,Maz'dinah,maz.di.naa,3,1,f
Melikree,Melikree,me.li.kree,3,,f
Marajit,Marajit,ma.ra.jit,3,,m
Shadow Hunter Mezil-kree,Mezil-kree,me.zil.kree,3,,m
Miao'zan,Miao'zan,mi.ao.zan,3,2,m
Mil'janza,Mil'janza,mil.jan.za,3,1,m
Mimbihi,Mimbihi,mim.bi.hi,3,,f
Min'loth,Min'loth,min.lot,2,1,m
Misensi,Misensi,mi.sen.si,3,,f
Mishiki,Mishiki,mi.shi.ki,3,,f
Mith'aka,Mith'aka,mit.a.ka,3,1,f
Mitsuwa,Mitsuwa,mit.su.wa,3,,m
Mo'jimba,Mo'jimba,mo.jim.ba,3,1,f
Mogh the Dead,Mogh,mog,1,,m
Shadow Hunter Moj'jar,Moj'jar,moj.jar,2,1,m
Mojo'kai,Mojo'kai,mo.jo.kai,3,2,m
Mojodishu,Mojodishu,mo.jo.di.shu,4,,f
Shadow Hunter Mok'e,Mok'e,mok.e,2,1,m
Mokuja,Mokuja,mo.ku.ja,3,,f
Mom'zula,Mom'zula,mom.zu.la,3,1,f
Mor'Lek the Dismantler,Mor'Lek,mor.lek,2,1,m
Mor'riz,Mor'riz,mor.riz,2,1,m
Mor'vek,Mor'vek,mor.vek,2,1,m
Morakki,Morakki,mo.rak.ki,3,,m
Morango,Morango,mo.ran.go,3,,m
Moraya,Moraya,mo.ra.ya,3,,f
Tiev Mordune,Mordune,mor.du.ne,3,,m
Jarkal Mossmeld,Jarkal,jar.kal,2,,m
Motrek,Motrek,mot.rek,2,,m
Moxo the Beheader,Moxo,mo.xo,2,,m
Moz'def,Moz'def,moz.def,2,1,m
Munalti,Munalti,mu.nal.ti,3,,m
Shadow Hunter Mutumba,Mutumba,mu.tum.ba,3,,f
Frostcaller Nai'jin,Nai'jin,nai.jin,2,1,f
Nakansi,Nakansi,na.kan.si,3,,m
Vexmaster Nar'jo,Nar'jo,nar.jo,2,1,m
Shadow Hunter Narez,Narez,na.rez,2,,f
Natoj,Natoj,na.toj,2,,m
Neejala,Neejala,nee.ja.la,3,,f
Scout Neftis,Neftis,nef.tis,2,,f
Nekali,Nekali,ne.ka.li,3,,f
First Mate Nereus,Nereus,ne.re.us,3,,m
Nezzliok the Dire,Nezzliok,nez.li.ok,3,,m
Jin'lak Nightfang,Jin'lak,jin.lak,2,1,f
Nimboya,Nimboya,nim.bo.ya,3,,m
Nisstina,Nisstina,nis.ti.na,3,,f
Hex Doctor No'jin,No'jin,no.jin,2,1,m
Nok'tal the Savage,Nok'tal,nok.tal,2,1,m
Norkani,Norkani,nor.ka.ni,3,,f
Eartmender Norsala,Norsala,nor.sa.la,3,,f
Nortet,Nortet,nor.tet,2,,m
Nortera,Nortera,nor.te.ra,3,,f
Elementalist Novo,Novo,no.vo,2,,m
Nuku'te,Nuku'te,nu.ku.te,3,2,f
Ogom the Wretched,Ogom,o.gom,2,,m
Great Hexer Ohodo,Ohodo,o.ho.do,3,,m
Ohseso,Ohseso,o.se.so,3,,m
Mojo Shaper Ojo'mon,Ojo'mon,o.jo.mon,3,2,m
High Priest Orglum,Orglum,org.lum,2,,m
Orik'ando,Orik'ando,o.rik.an.do,4,2,m
Orlo the Salve-Maker,Orlo,or.lo,2,,m
Ortezza,Ortezza,or.tez.za,3,,f
Engineer Pa'Par,Pa'Par,pa.par,2,1,f
Parata,Parata,pa.ra.ta,3,,f
Pechanga,Pechanga,pe.chan.ga,3,,f
Batrider Pele'keiki,Pele'keiki,pe.le.kei.ki,4,2,m
Pele'zol,Pele'zol,pe.le.zol,3,2,f
Pikake,Pikake,pi.ka.ke,3,,f
Cataloger Prazee,Prazee,pra.zee,2,,m
Prigmon,Prigmon,prig.mon,2,,m
Thal'trak Proudtusk,Thal'trak,tal.trak,2,1,m
Ptin'go,Ptin'go,ptin.go,2,1,m
Witch Doctor Qu'in,Qu'in,ku.in,2,1,f
Ra'chee,Ra'chee,ra.chee,2,1,m
Gyasi Ra'lar,Ra'lar,ra.lar,2,1,m
Rada'jin,Rada'jin,ra.da.jin,3,2,m
Raenah,Raenah,rae.naa,2,,f
Raitea,Raitea,rai.tea,2,,f
Raiza,Raiza,rai.za,2,,m
Raj'ku,Raj'ku,raj.ku,2,1,m
Rak'jin,Rak'jin,rak.jin,2,1,m
Rakkaha,Rakkaha,rak.ka.ha,3,,m
Shadow Hunter Rala,Rala,ra.lar,2,,m
Rangiro,Rangiro,ran.gi.ro,3,,m
Stone Guard Rasconi,Rasconi,ras.ko.ni,3,,f
Priovisioner Rashma,Rashma,rash.ma,2,,f
Raskha,Raskha,ras.ka,2,,m
Ravika,Ravika,ra.vi.ka,3,,f
Ray'ma,Ray'ma,ray.ma,2,1,m
Raz'kil the Icy,Raz'kil,raz.kil,2,1,m
Razal'blade,Razal'blade,ra.zal.bla.de,4,2,m
Raztu'jor,Raztu'jor,raz.tu.jor,3,2,m
Razzil,Razzil,raz.zil,2,,m
Reavij,Reavij,rea.vij,2,,m
Rejiji,Rejiji,re.ji.ji,3,,m
Rek'gar,Rek'gar,rek.gar,2,1,m
Kali Remik,Kali,ka.li,2,,f
Rhinag,Rhinag,ri.nag,2,,m
Rin'zaka the Galefist,Rin'zaka,rin.za.ka,3,1,f
Rit'ko,Rit'ko,rit.ko,2,1,m
Roitau,Roitau,roi.tau,2,,m
Rokhan,Rokhan,ro.kan,2,,m
Champion Ros'slai,Ros'slai,ros.slai,2,1,m
Ru'zah,Ru'zah,ru.zaa,2,1,m
Ruala the Spotter,Ruala,rua.la,2,,f
Ruj'kah,Ruj'kah,ruj.kaa,2,1,f
Ruk'shan,Ruk'shan,ruk.shan,2,1,m
Sa'vi,Sa'vi,sa.vi,2,1,f
Wind Rider Sabamba,Sabamba,sa.bam.ba,3,,f
Sagai,Sagai,sa.gai,2,,m
Sajari Felhand,Sajari,sa.ja.ri,3,,f
Samamba,Samamba,sa.mam.ba,3,,f
San'shigo,San'shigo,san.shi.go,3,1,m
Je'neu Sancrea,Je'neu,je.neu,2,1,m
Sani'i,Sani'i,sa.ni.i,3,2,m
Sawemba,Sawemba,sa.wem.ba,3,,f
Se'Jib,Se'Jib,se.jib,2,1,m
Sen'jin,Sen'jin,sen.jin,2,1,m
Fishy Ser'ji,Ser'ji,ser.ji,2,1,m
Serr'ah,Serr'ah,ser.aa,2,1,f
Sesebi,Sesebi,se.se.bi,3,,f
Sha'kar,Sha'kar,sha.kar,2,1,m
Shadow Priestess Shai,Shai,shai,1,,f
Mojo Masher Shakko,Shakko,shak.ko,2,,m
Ambassador Shala,Shala,sha.la,2,,f
Shenthul,Shenthul,shen.tul,2,,m
Shim'la,Shim'la,shim.la,2,1,f
Shi'ri,Shi'ri,shi.ri,2,1,f
Shoe,Shoe,shoe,1,,f
Shoja'my,Shoja'my,sho.ja.mi,3,2,f
Shon'ja,Shon'ja,shon.ja,2,1,f
Si'va,Si'va,si.va,2,1,f
Sian'dur,Sian'dur,si.an.dur,3,2,f
Sian'tsu,Sian'tsu,si.an.tsu,3,2,f
Sijambi,Sijambi,si.jam.bi,3,,f
Frostcaller Sin'tia,Sin'tia,sin.tia,2,1,f
Sindo'zur the Toxifier,Sindo'zur,sin.do.zur,3,2,f
Deck Captain Sinja,Sinja,sin.ja,2,,m
Ske'rit,Ske'rit,ske.rit,2,1,m
Snee,Snee,snee,1,,m
Soratha,Soratha,so.ra.ta,3,,m
Sortura,Sortura,sor.tu.ra,3,,m
Tae'loxe Soulshrivel,Tae'loxe,tae.lo.xe,3,1,m
Shadow Hunter Spar'kuhl,Spar'kuhl,spar.kuul,2,1,m
Zul'that Steeltusk,Zul'that,zul.tat,2,1,f
Ka'tali Stonetusk,Ka'tali,ka.ta.li,3,1,m
Ra'waza Stonerus,Ra'waza,ra.wa.za,3,1,m
Rasha Stonetusk,Rasha,ra.sha,2,,f
Kalyimah Stormcloud,Kalyimah,ka.lii.maa,3,,m
Erkhart Stormvein,Erkhart,er.kart,2,,m
Sheya Stormweaver,Sheya,she.ya,2,,f
Su'tila,Su'tila,su.ti.la,3,1,m
Sul'aka,Sul'aka,sul.a.ka,3,1,m
Sulaka,Sulaka,su.la.ka,3,,f
Sus'vayin,Sus'vayin,sus.va.yin,3,1,m
Sverre,Sverre,sver.re,2,,m
Bloodslayer T'ara,T'ara,t.a.ra,3,1,f
Senior Sergeant T'kelah,T'kelah,t.ke.laa,3,1,f
Witch Doctor T'wansi,T'wansi,t.wan.si,3,1,m
Captive Ta'dom,Ta'dom,ta.dom,2,1,m
Ta'jari,Ta'jari,ta.ja.ri,3,1,m
Flame Bender Ta'jin,Ta'jin,ta.jin,2,1,m
Venomancer T'Kulu,T'Kulu,t.ku.lu,3,1,m
Lieutenant Ta'zinni,Ta'zinni,ta.zin.ni,3,1,m
Ta'zo,Ta'zo,ta.zo,2,1,m
Navigator Tah're,Tah're,taa.re,2,1,m
Tai'jin,Tai'jin,tai.jin,2,1,f
Tai'tasi,Tai'tasi,tai.ta.si,3,1,f
Tak'arili,Tak'arili,tak.a.ri.li,4,1,m
Tak'moa,Tak'moa,tak.moa,2,1,m
Tal'jin,Tal'jin,tal.jin,2,1,f
Tal'zin,Tal'zin,tal.zin,2,1,f
Talza,Talza,tal.za,2,,m
Tamanji,Tamanji,ta.man.ji,3,,f
Tanjin the Ironshaper,Tanjin,tan.jin,2,,m
Tanzar,Tanzar,tan.zar,2,,m
Tanzuri,Tanzuri,tan.zu.ri,3,,f
Ritualist Tarak,Tarak,ta.rak,2,,m
Tari'qa,Tari'qa,ta.ri.ka,3,2,m
Tatai,Tatai,ta.tai,2,,m
Tayemba,Tayemba,ta.yem.ba,3,,m
Shadow Hunter Taz,Taz,taz,1,,m
Taz'anga,Taz'anga,taz.an.ga,3,1,f
Taz'ishi,Taz'ishi,taz.i.shi,3,1,m
Taz'jari,Taz'jari,taz.ja.ri,3,1,m
Diviner Taz'to,Taz'to,taz.to,2,1,f
Tazan,Tazan,ta.zan,2,,m
Tegashi,Tegashi,te.ga.shi,3,,m
Teha,Teha,te.ha,2,,f
Temanu,Temanu,te.ma.nu,3,,m
Tez Tez the Patchmonger,Tez,tez,1,,m
Thex,Thex,tex,1,,m
Thu'zun the Vile,Thu'zun,tu.zun,2,1,m
Lorenth Thundercall,Lorenth,lo.rent,2,,m
Thuul,Thuul,tuul,1,,m
Tigowa,Tigowa,ti.go.wa,3,,m
Tizare,Tizare,ti.za.re,3,,f
Forward Commander To'arch,To'arch,to.ark,2,1,m
Wind Master To'bor,To'bor,to.bor,2,1,m
Watcher Tolwe,Tolwe,tol.we,2,,m
Ton'raro,Ton'raro,ton.ra.ro,3,1,m
Chef Toofus,Toofus,too.fus,2,,m
Tooki,Tooki,too.ki,2,,m
Ol' Toomba,Toomba,toom.ba,2,,m
Tor'gan,Tor'gan,tor.gan,2,1,m
Witch Doctor Tor'gash,Tor'gash,tor.gash,2,1,m
Blood Guard Tor'zin,Tor'zin,tor.zin,2,1,m
Tora'jin,Tora'jin,to.ra.jin,3,2,m
Torenda,Torenda,to.ren.da,3,,f
Tortunga,Tortunga,tor.tun.ga,3,,m
Earthcaller Torunscar,Torunscar,to.run.skar,3,,m
Trayexir,Trayexir,tra.ye.xir,3,,m
Tukk,Tukk,tuk,1,,m
Tula,Tula,tu.la,2,,f
Tunari,Tunari,tu.na.ri,3,,f
Tuneja,Tuneja,tu.ne.ja,3,,f
Shadow Hunter Ty'jin,Ty'jin,ti.jin,2,1,m
Witch Doctor Tza'dah,Tza'dah,tza.daa,2,1,f
Windmaster Tzu-Tzu,Tzu-Tzu,tzu.tzu,2,,m
Ubunti the Shade,Ubunti,u.bun.ti,3,,m
Uchek,Uchek,u.chek,2,,m
Marksman Udabu,Udabu,u.da.bu,3,,m
Uduji,Uduji,u.du.ji,3,,m
Priestress Udum'bra,Udum'bra,u.dum.bra,3,2,f
Uh'gali,Uh'gali,uu.ga.li,3,1,f
Ujia,Ujia,u.jia,2,,f
Shadow Hunter Ukambe,Ukambe,u.kam.be,3,,m
Ula'elek,Ula'elek,u.la.e.lek,4,2,m
Ulzann,Ulzann,ul.zan,2,,m
Uma'wi,Uma'wi,u.ma.wi,3,2,f
Old Umbehto,Umbehto,um.bee.to,3,,m
Umbiwa,Umbiwa,um.bi.wa,3,,f
Witch Doctor Umbu,Umbu,um.bu,2,,m
Watcher Umjin,Umjin,um.jin,2,,m
Un'Thuwa,Un'Thuwa,un.tu.wa,3,1,m
Witch Doctor Unbagwa,Unbagwa,un.bag.wa,3,,m
Witch Doctor Unbugu,Unbugu,un.bu.gu,3,,f
Guard Untula,Untula,un.tu.la,3,,f
Ur'kyo,Ur'kyo,ur.kyo,2,1,m
Shadow Hunter Urko'jin,Urko'jin,ur.ko.jin,3,2,m
Champion Uru'zin,Uru'zin,u.ru.zin,3,2,m
Uruka the Cutthroat,Uruka,u.ru.ka,3,,f
Shadowbreaker Urzula,Urzula,ur.zu.la,3,,f
Utamu,Utamu,u.ta.mu,3,,f
Uthel'nay,Uthel'nay,u.tel.nay,3,2,m
Witch Doctor Uzer'i,Uzer'i,u.zer.i,3,2,m
Va'jashni,Va'jashni,va.jash.ni,3,1,m
Va'zik,Va'zik,va.zik,2,1,m
Bloodslayer Vaena,Vaena,vae.na,2,,f
Exorcist Vaisha,Vaisha,vai.sha,2,,f
Val'run,Val'run,val.run,2,1,?
Tracker Val'zij,Val'zij,val.zij,2,1,m
Vanira,Vanira,va.ni.ra,3,,f
Var'gazul,Var'gazul,var.ga.zul,3,1,m
Var'jun,Var'jun,var.jun,2,1,m
Vaz'rek,Vaz'rek,vaz.rek,2,1,m
Vehena,Vehena,ve.he.na,3,,f
Vehini,Vehini,ve.hi.ni,3,,f
Veka'kai,Veka'kai,ve.ka.kai,3,2,f
Bookie Vel'jen,Vel'jen,vel.jen,2,1,m
Mojo Masher Ven'dango,Ven'dango,ven.dan.go,3,1,m
Ven'jashi,Ven'jashi,ven.ja.shi,3,1,m
Zend'li Venomtusk,Zend'li,zend.li,2,1,m
Vesh'ral,Vesh'ral,vesh.ral,2,1,m
Veyzhak the Cannibal,Veyzhak,vey.zak,2,,m
Vok'fon,Vok'fon,vok.fon,2,1,m
Vol'guk,Vol'guk,vol.guk,2,1,m
Vol'jin,Vol'jin,vol.jin,2,1,m
Vol'motu,Vol'motu,vol.mo.tu,3,1,m
Lieutenant Vol'talar,Vol'talar,vol.ta.lar,3,1,m
General Vol'tar,Vol'tar,vol.tar,2,1,m
Shadow Hunter Vol'tris,Vol'tris,vol.tris,2,1,m
Vol'zaku,Vol'zaku,vol.za.ku,3,1,m
Vol'dreka,Vol'dreka,vol.dre.ka,3,1,m
Voll,Voll,vol,1,,m
High Warlord Volrath,Volrath,vol.rat,2,,m
Voriya,Voriya,vo.ri.ya,3,,f
Master Vornal,Vornal,vor.nal,2,,m
Officer Vu'Shalay,Vu'Shalay,vu.sha.lay,3,1,m
Vulajin,Vulajin,vu.la.jin,3,,m
Conqueror Vun'jin,Vun'jin,vun.jin,2,1,m
Vuz'din,Vuz'din,vuz.din,2,1,m
Vuza'jin,Vuza'jin,vu.za.jin,3,2,m
Waz'luk,Waz'luk,waz.luk,2,1,m
Wik'Tar,Wik'Tar,wik.tar,2,1,m
Wazzuli Wildmender,Wazzuli,waz.zu.li,3,,m
Wodin the Troll-Servant,Wodin,wo.din,2,,m
Wodyn,Wodyn,wo.dyn,2,,m
Won'sa,Won'sa,won.sa,2,1,f
Wulan,Wulan,wu.lan,2,,m
Wysko,Wysko,wis.ko,2,,f
X'yera,X'yera,x.ye.ra,3,1,m
Xan'tish,Xan'tish,xan.tish,2,1,m
Xantili,Xantili,xan.ti.li,3,,f
Xao'tsu,Xao'tsu,xao.tsu,2,1,m
Xar'Ti,Xar'Ti,xar.ti,2,1,f
Xen'to,Xen'to,xen.to,2,1,m
Xen'Zilla,Xen'Zilla,xen.zil.la,3,1,m
Xiz'ro,Xiz'ro,xiz.ro,2,1,m
Xon'cha,Xon'cha,xon.cha,2,1,m
Xor'juul,Xor'juul,xor.juul,2,1,m
Xur'gyl,Xur'gyl,xur.gil,2,1,m
Ya'mon,Ya'mon,ya.mon,2,1,m
Ya'za the Vandal,Ya'za,ya.za,2,1,m
Elder Yaka'li,Yaka'li,ya.ka.li,3,2,f
Sharpeye Yan'ja,Yan'ja,yan.ja,2,1,f
Yarsel'ghun,Yarsel'ghun,yar.sel.gun,3,2,f
Yazigo,Yazigo,ya.zi.go,3,,m
Yazmo the Loota,Yazmo,yaz.mo,2,,m
Yeh'kinya,Yeh'kinya,yee.kin.ya,3,1,m
Yeniss,Yeniss,ye.nis,2,,m
Yenniku,Yenniku,yen.ni.ku,3,,m
Yillixa,Yillixa,yi.li.xa,3,,f
Yu'rina the Mystic,Yu'rino,yu.ri.no,3,1,f
Conqueror Yun'zon,Yun'zon,yun.zon,2,1,m
Yuree,Yuree,yu.ree,2,,m
Yuwija,Yuwija,yu.wi.ja,3,,f
Shapemaster Za'lani,Za'lani,za.la.ni,3,1,f
Zaa'je,Zaa'je,zaa.je,2,1,m
Zabrax,Zabrax,zab.rax,2,,m
Zaduru,Zaduru,za.du.ru,3,,m
Zaelatha,Zaelatha,zae.la.ta,3,,f
Zag'zil,Zag'zil,zag.zil,2,1,m
Jory Zaga,Zaga,za.ga,2,,f
Bloodslayer Zala,Zala,za.la,2,,f
Zalazane,Zalazane,za.la.za.ne,4,,m
Zamja,Zamja,zam.ja,2,,f
Zan'chi,Zan'chi,zan.chi,2,1,m
Zan'do,Zan'do,zan.do,2,1,m
Zan'non,Zan'non,zan.non,2,1,m
Zan'zata,Zan'zata,zan.za.ta,3,1,m
Zando'zan,Zando'zan,zan.do.zan,3,2,m
Mojo Master Zandum,Zandum,zan.dum,2,,m
Zang'do,Zang'do,zang.do,2,1,m
Berserker Zanga,Zanga,zan.ga,2,,m
Zansoa,Zansoa,zan.soa,2,,m
Zanzil,Zanzil,zan.zil,2,,m
Elementalist Zapi,Zapi,za.pi,2,,m
Blood Guard Zar'shi,Zar'shi,zar.shi,2,1,m
Zari'zari,Zari'zari,za.ri.za.ri,4,2,f
Zariya,Zariya,za.ri.ya,3,,f
Zarjhin,Zarjhin,zar.jin,2,,m
Shadow Hunter Zasta,Zasta,zas.ta,2,,m
Zealot Zath,Zath,zat,1,,m
Zay'hana,Zay'hana,zay.ha.na,3,1,m
Zayus,Zayus,za.yus,2,,m
Zeal'aya,Zeal'aya,ze.al.a.ya,4,2,f
Zebu'tan,Zebu'tan,ze.bu.tan,3,2,m
Zeezu,Zeezu,zee.zu,2,,f
Zeh'gehn,Zeh'gehn,zee.geen,2,1,m
Zekhan,Zekhan,ze.kan,2,,m
Zekkis,Zekkis,zek.kis,2,,m
Shadow Hunter Zel'duk,Zel'duk,zel.duk,2,1,m
Zel'mak,Zel'mak,zel.mak,2,1,m
Zelaji,Zelaji,ze.la.ji,3,,m
Zelazstro,Zelazstro,ze.las.tro,3,,m
Zen'Aliri,Zen'Aliri,zen.a.li.ri,4,1,m
Zen'Balai,Zen'Balai,zen.ba.lai,3,1,f
Zen'kala,Zen'kala,zen.ka.la,3,1,m
Zen'Kiki,Zen'Kiki,zen.ki.ki,3,1,m
Zen'kili,Zen'kili,zen.ki.li,3,1,f
Zen'tabra,Zen'tabra,zen.tab.ra,3,1,f
Zen'kin,Zen'kin,zen.kin,2,1,m
Zen'Taji,Zen'Taji,zen.ta.ji,3,1,m
Zen'taki,Zen'taki,zen.ta.ki,3,1,m
Zen'tenbi,Zen'tenbi,zen.ten.bi,3,1,f
Zen'tika,Zen'tika,zen.ti.ka,3,1,f
Zen'tiki,Zen'tiki,zen.ti.ki,3,1,m
Zen'Vorka,Zen'Vorka,zen.vor.ka,3,1,m
Zendo'jian,Zendo'jian,zen.do.ji.an,4,2,m
Zengu,Zengu,zen.gu,2,,m
Zenzi,Zenzi,zen.zi,2,,f
Zeya,Zeya,ze.ya,2,,f
Zgordo the Burtalizer,Zgordo,z.gor.do,3,,m
Zi'guma,Zi'guma,zi.gu.ma,3,1,m
Zi'mo the Empowered,Zi'mo,zi.mo,2,1,m
Auctioneer Ziji,Ziji,zi.ji,2,,f
Zild'jian,Zild'jian,zild.ji.an,3,1,m
Zillane,Zillane,zil.la.ne,3,,m
Zim'kaga,Zim'kaga,zim.ka.ga,3,1,f
Warcaller Zin'bawa,Zin'bawa,zin.ba.wa,3,1,m
Zin'boja,Zin'boja,zin.bo.ja,3,1,f
Zin'Jun,Zin'Jun,zin.jun,2,1,m
Mojo Doctor Zin'tar,Zin'tar,zin.tar,2,1,m
Zinzula,Zinzula,zin.zu.la,3,,f
Zirazi the Star-Gazer,Zirazi,zi.ra.zi,3,,f
Zjolnir,Zjolnir,zjol.nir,2,,m
Zoga,Zoga,zo.ga,2,,m
Zon'Wogi,Zon'Wogi,zon.wo.gi,3,1,m
Zonya the Sadist,Zonya,zon.ya,2,,f
Zor'be the Bloodletter,Zor'be,zor.be,2,1,m
Zorak'tul,Zorak'tul,zo.rak.tul,3,2,m
Zorza,Zorza,zor.za,2,,m
Beasttamer Zov'jin,Zov'jin,zov.jin,2,1,f
Archivist Zubashi,Zubashi,zu.ba.shi,3,,m
Zul'ajik,Zul'ajik,zul.a.jik,3,1,m
Zul'armon,Zul'armon,zul.ar.mon,3,1,m
Zul'iste,Zul'iste,zul.is.te,3,1,m
Zul'ras,Zul'ras,zul.ras,2,1,m
Zul'tore,Zul'tore,zul.to.re,3,1,m
Zulu de Voice,Zulu,zu.lu,2,,m
Zumolo,Zumolo,zu.mo.lo,3,,m
Zun'ja,Zun'ja,zun.ja,2,1,f
Zungam,Zungam,zun.gam,2,,m
Zuni,Zuni,zu.ni,2,,m
Zunjo of Sen'jin,Zunjo,zun.jo,2,,m
Zunta,Zunta,zun.ta,2,,m
Zurai,Zurai,zu.rai,2,,m
Mojo Mistress Zurania,Zurania,zu.ra.nia,3,,f
Zuriwa the Hexxer,Zuriwa,zu.ri.wa,3,,f
Zurjaya,Zurjaya,zur.ja.ya,3,,f
Shadow-Walker Zuru,Zuru,zu.ru,2,,m